Datetime,Open,High,Low,Close,Adj Close,Volume
2024-06-18 00:00:00-04:00,2339.10009765625,2339.10009765625,2338.5,2338.5,2338.5,0
2024-06-18 00:01:00-04:00,2338.5,2338.800048828125,2338.10009765625,2338.199951171875,2338.199951171875,137
2024-06-18 00:02:00-04:00,2338.199951171875,2338.300048828125,2338.0,2338.0,2338.0,66
2024-06-18 00:03:00-04:00,2338.0,2338.300048828125,2337.800048828125,2338.300048828125,2338.300048828125,139
2024-06-18 00:04:00-04:00,2338.199951171875,2338.39990234375,2337.89990234375,2338.199951171875,2338.199951171875,149
2024-06-18 00:05:00-04:00,2338.10009765625,2338.60009765625,2337.89990234375,2338.39990234375,2338.39990234375,146
2024-06-18 00:06:00-04:00,2338.300048828125,2338.60009765625,2338.10009765625,2338.300048828125,2338.300048828125,184
2024-06-18 00:07:00-04:00,2338.199951171875,2338.60009765625,2338.199951171875,2338.300048828125,2338.300048828125,36
2024-06-18 00:08:00-04:00,2338.39990234375,2338.39990234375,2338.39990234375,2338.39990234375,2338.39990234375,1
2024-06-18 00:09:00-04:00,2338.39990234375,2338.60009765625,2338.39990234375,2338.5,2338.5,15
2024-06-18 00:10:00-04:00,2338.39990234375,2338.5,2338.199951171875,2338.199951171875,2338.199951171875,14
2024-06-18 00:11:00-04:00,2338.300048828125,2338.300048828125,2338.10009765625,2338.10009765625,2338.10009765625,9
2024-06-18 00:12:00-04:00,2338.10009765625,2338.10009765625,2338.0,2338.0,2338.0,7
2024-06-18 00:13:00-04:00,2338.199951171875,2338.39990234375,2338.199951171875,2338.300048828125,2338.300048828125,16
2024-06-18 00:14:00-04:00,2338.39990234375,2338.5,2338.300048828125,2338.5,2338.5,12
2024-06-18 00:15:00-04:00,2338.39990234375,2338.5,2338.39990234375,2338.39990234375,2338.39990234375,13
2024-06-18 00:16:00-04:00,2338.39990234375,2338.800048828125,2338.10009765625,2338.699951171875,2338.699951171875,60
2024-06-18 00:17:00-04:00,2338.699951171875,2338.800048828125,2338.699951171875,2338.699951171875,2338.699951171875,6
2024-06-18 00:18:00-04:00,2338.89990234375,2339.39990234375,2338.89990234375,2339.300048828125,2339.300048828125,47
2024-06-18 00:19:00-04:00,2339.300048828125,2339.300048828125,2339.199951171875,2339.300048828125,2339.300048828125,9
2024-06-18 00:20:00-04:00,2339.39990234375,2339.5,2339.39990234375,2339.5,2339.5,5
2024-06-18 00:21:00-04:00,2339.300048828125,2339.39990234375,2339.10009765625,2339.300048828125,2339.300048828125,38
2024-06-18 00:22:00-04:00,2339.10009765625,2339.199951171875,2339.10009765625,2339.199951171875,2339.199951171875,3
2024-06-18 00:23:00-04:00,2339.199951171875,2339.199951171875,2339.199951171875,2339.199951171875,2339.199951171875,1
2024-06-18 00:24:00-04:00,2339.300048828125,2339.300048828125,2339.300048828125,2339.300048828125,2339.300048828125,1
2024-06-18 00:25:00-04:00,2339.300048828125,2339.39990234375,2339.300048828125,2339.39990234375,2339.39990234375,6
2024-06-18 00:26:00-04:00,2339.39990234375,2339.60009765625,2339.39990234375,2339.60009765625,2339.60009765625,5
2024-06-18 00:27:00-04:00,2339.60009765625,2339.60009765625,2339.39990234375,2339.39990234375,2339.39990234375,9
2024-06-18 00:28:00-04:00,2339.39990234375,2339.5,2339.39990234375,2339.39990234375,2339.39990234375,8
2024-06-18 00:29:00-04:00,2339.39990234375,2339.39990234375,2339.300048828125,2339.39990234375,2339.39990234375,9
2024-06-18 00:30:00-04:00,2339.300048828125,2339.300048828125,2338.800048828125,2338.89990234375,2338.89990234375,15
2024-06-18 00:31:00-04:00,2339.10009765625,2339.10009765625,2338.89990234375,2339.10009765625,2339.10009765625,13
2024-06-18 00:33:00-04:00,2339.10009765625,2339.10009765625,2338.800048828125,2338.89990234375,2338.89990234375,6
2024-06-18 00:34:00-04:00,2338.800048828125,2338.800048828125,2338.5,2338.699951171875,2338.699951171875,48
2024-06-18 00:35:00-04:00,2338.60009765625,2338.699951171875,2338.5,2338.5,2338.5,12
2024-06-18 00:36:00-04:00,2338.60009765625,2338.699951171875,2338.5,2338.699951171875,2338.699951171875,9
2024-06-18 00:37:00-04:00,2338.60009765625,2338.60009765625,2338.199951171875,2338.199951171875,2338.199951171875,32
2024-06-18 00:38:00-04:00,2338.199951171875,2338.300048828125,2338.0,2338.300048828125,2338.300048828125,19
2024-06-18 00:39:00-04:00,2338.199951171875,2338.199951171875,2337.699951171875,2338.10009765625,2338.10009765625,78
2024-06-18 00:40:00-04:00,2338.0,2338.0,2337.39990234375,2337.5,2337.5,129
2024-06-18 00:41:00-04:00,2337.60009765625,2337.800048828125,2337.60009765625,2337.800048828125,2337.800048828125,19
2024-06-18 00:42:00-04:00,2337.800048828125,2338.0,2337.699951171875,2337.699951171875,2337.699951171875,14
2024-06-18 00:43:00-04:00,2337.60009765625,2337.800048828125,2337.60009765625,2337.800048828125,2337.800048828125,24
2024-06-18 00:44:00-04:00,2337.60009765625,2337.60009765625,2337.10009765625,2337.60009765625,2337.60009765625,51
2024-06-18 00:45:00-04:00,2337.60009765625,2338.10009765625,2337.39990234375,2338.10009765625,2338.10009765625,96
2024-06-18 00:46:00-04:00,2338.10009765625,2338.199951171875,2337.800048828125,2338.0,2338.0,46
2024-06-18 00:47:00-04:00,2338.0,2338.10009765625,2338.0,2338.10009765625,2338.10009765625,4
2024-06-18 00:48:00-04:00,2338.10009765625,2338.10009765625,2337.89990234375,2337.89990234375,2337.89990234375,7
2024-06-18 00:49:00-04:00,2337.89990234375,2337.89990234375,2337.699951171875,2337.800048828125,2337.800048828125,8
2024-06-18 00:50:00-04:00,2337.60009765625,2337.60009765625,2337.10009765625,2337.39990234375,2337.39990234375,84
2024-06-18 00:51:00-04:00,2337.5,2337.89990234375,2337.5,2337.800048828125,2337.800048828125,26
2024-06-18 00:52:00-04:00,2337.89990234375,2337.89990234375,2337.699951171875,2337.699951171875,2337.699951171875,4
2024-06-18 00:53:00-04:00,2337.89990234375,2337.89990234375,2337.60009765625,2337.60009765625,2337.60009765625,11
2024-06-18 00:54:00-04:00,2337.699951171875,2337.699951171875,2337.300048828125,2337.5,2337.5,14
2024-06-18 00:55:00-04:00,2337.39990234375,2337.5,2337.300048828125,2337.39990234375,2337.39990234375,16
2024-06-18 00:56:00-04:00,2337.300048828125,2337.300048828125,2337.0,2337.0,2337.0,29
2024-06-18 00:57:00-04:00,2337.0,2337.0,2336.60009765625,2336.60009765625,2336.60009765625,58
2024-06-18 00:58:00-04:00,2336.699951171875,2337.199951171875,2336.60009765625,2337.0,2337.0,57
2024-06-18 00:59:00-04:00,2337.10009765625,2337.300048828125,2337.0,2337.300048828125,2337.300048828125,47
2024-06-18 01:00:00-04:00,2337.10009765625,2337.199951171875,2336.60009765625,2336.89990234375,2336.89990234375,101
2024-06-18 01:01:00-04:00,2337.10009765625,2337.39990234375,2337.10009765625,2337.199951171875,2337.199951171875,37
2024-06-18 01:02:00-04:00,2337.199951171875,2337.5,2337.199951171875,2337.39990234375,2337.39990234375,17
2024-06-18 01:03:00-04:00,2337.39990234375,2337.39990234375,2336.39990234375,2336.39990234375,2336.39990234375,55
2024-06-18 01:04:00-04:00,2336.39990234375,2336.39990234375,2336.10009765625,2336.199951171875,2336.199951171875,36
2024-06-18 01:05:00-04:00,2336.10009765625,2336.199951171875,2335.10009765625,2335.60009765625,2335.60009765625,335
2024-06-18 01:07:00-04:00,2335.199951171875,2335.5,2334.800048828125,2335.39990234375,2335.39990234375,123
2024-06-18 01:08:00-04:00,2335.5,2335.5,2335.199951171875,2335.199951171875,2335.199951171875,22
2024-06-18 01:09:00-04:00,2335.199951171875,2335.199951171875,2334.800048828125,2335.199951171875,2335.199951171875,46
2024-06-18 01:10:00-04:00,2335.199951171875,2335.5,2335.0,2335.0,2335.0,27
2024-06-18 01:11:00-04:00,2335.0,2335.5,2334.89990234375,2335.39990234375,2335.39990234375,42
2024-06-18 01:12:00-04:00,2335.39990234375,2335.39990234375,2335.0,2335.10009765625,2335.10009765625,27
2024-06-18 01:13:00-04:00,2335.10009765625,2335.10009765625,2333.89990234375,2334.60009765625,2334.60009765625,237
2024-06-18 01:14:00-04:00,2334.699951171875,2334.89990234375,2334.10009765625,2334.89990234375,2334.89990234375,138
2024-06-18 01:15:00-04:00,2335.0,2335.199951171875,2335.0,2335.199951171875,2335.199951171875,41
2024-06-18 01:16:00-04:00,2335.10009765625,2335.10009765625,2334.60009765625,2334.699951171875,2334.699951171875,39
2024-06-18 01:17:00-04:00,2334.60009765625,2334.699951171875,2334.39990234375,2334.5,2334.5,20
2024-06-18 01:18:00-04:00,2334.300048828125,2334.699951171875,2334.0,2334.60009765625,2334.60009765625,86
2024-06-18 01:19:00-04:00,2334.699951171875,2334.89990234375,2334.5,2334.800048828125,2334.800048828125,62
2024-06-18 01:20:00-04:00,2334.699951171875,2335.199951171875,2334.5,2335.199951171875,2335.199951171875,109
2024-06-18 01:21:00-04:00,2335.10009765625,2335.5,2334.89990234375,2335.39990234375,2335.39990234375,70
2024-06-18 01:22:00-04:00,2335.39990234375,2335.60009765625,2335.0,2335.39990234375,2335.39990234375,170
2024-06-18 01:23:00-04:00,2335.5,2335.699951171875,2335.10009765625,2335.39990234375,2335.39990234375,200
2024-06-18 01:24:00-04:00,2335.39990234375,2335.5,2335.199951171875,2335.300048828125,2335.300048828125,66
2024-06-18 01:25:00-04:00,2335.39990234375,2335.5,2334.89990234375,2335.0,2335.0,155
2024-06-18 01:26:00-04:00,2335.0,2335.199951171875,2335.0,2335.10009765625,2335.10009765625,25
2024-06-18 01:27:00-04:00,2335.0,2335.39990234375,2335.0,2335.10009765625,2335.10009765625,41
2024-06-18 01:28:00-04:00,2334.89990234375,2335.39990234375,2334.89990234375,2335.300048828125,2335.300048828125,22
2024-06-18 01:29:00-04:00,2335.199951171875,2335.5,2335.10009765625,2335.300048828125,2335.300048828125,23
2024-06-18 01:30:00-04:00,2335.39990234375,2335.60009765625,2334.699951171875,2335.5,2335.5,129
2024-06-18 01:31:00-04:00,2335.300048828125,2335.39990234375,2335.10009765625,2335.300048828125,2335.300048828125,12
2024-06-18 01:32:00-04:00,2335.199951171875,2336.0,2335.199951171875,2335.699951171875,2335.699951171875,64
2024-06-18 01:33:00-04:00,2335.800048828125,2336.0,2335.300048828125,2336.0,2336.0,30
2024-06-18 01:34:00-04:00,2336.0,2338.300048828125,2335.89990234375,2336.89990234375,2336.89990234375,548
2024-06-18 01:35:00-04:00,2336.89990234375,2338.0,2336.89990234375,2337.39990234375,2337.39990234375,115
2024-06-18 01:36:00-04:00,2337.300048828125,2338.300048828125,2337.300048828125,2338.199951171875,2338.199951171875,100
2024-06-18 01:37:00-04:00,2338.10009765625,2338.300048828125,2337.5,2338.0,2338.0,226
2024-06-18 01:38:00-04:00,2337.699951171875,2337.699951171875,2337.5,2337.699951171875,2337.699951171875,8
2024-06-18 01:39:00-04:00,2337.5,2337.89990234375,2337.5,2337.89990234375,2337.89990234375,26
2024-06-18 01:40:00-04:00,2337.60009765625,2338.10009765625,2337.39990234375,2338.10009765625,2338.10009765625,34
2024-06-18 01:41:00-04:00,2338.10009765625,2338.199951171875,2337.800048828125,2337.89990234375,2337.89990234375,40
2024-06-18 01:42:00-04:00,2337.89990234375,2337.89990234375,2337.10009765625,2337.199951171875,2337.199951171875,54
2024-06-18 01:43:00-04:00,2337.10009765625,2337.199951171875,2336.5,2336.800048828125,2336.800048828125,160
2024-06-18 01:44:00-04:00,2336.699951171875,2336.800048828125,2336.199951171875,2336.300048828125,2336.300048828125,42
2024-06-18 01:45:00-04:00,2336.199951171875,2336.300048828125,2336.0,2336.10009765625,2336.10009765625,35
2024-06-18 01:46:00-04:00,2336.10009765625,2336.199951171875,2335.800048828125,2335.89990234375,2335.89990234375,40
2024-06-18 01:47:00-04:00,2335.699951171875,2335.699951171875,2335.39990234375,2335.60009765625,2335.60009765625,28
2024-06-18 01:48:00-04:00,2335.5,2336.10009765625,2335.5,2336.0,2336.0,18
2024-06-18 01:49:00-04:00,2335.89990234375,2336.199951171875,2335.800048828125,2336.0,2336.0,55
2024-06-18 01:50:00-04:00,2336.0,2336.199951171875,2335.89990234375,2335.89990234375,2335.89990234375,30
2024-06-18 01:51:00-04:00,2335.800048828125,2335.89990234375,2335.699951171875,2335.800048828125,2335.800048828125,19
2024-06-18 01:52:00-04:00,2335.800048828125,2335.800048828125,2335.5,2335.5,2335.5,19
2024-06-18 01:53:00-04:00,2335.5,2335.699951171875,2335.39990234375,2335.60009765625,2335.60009765625,24
2024-06-18 01:54:00-04:00,2335.699951171875,2336.300048828125,2335.699951171875,2336.300048828125,2336.300048828125,25
2024-06-18 01:55:00-04:00,2336.10009765625,2336.39990234375,2335.800048828125,2336.199951171875,2336.199951171875,40
2024-06-18 01:56:00-04:00,2336.39990234375,2336.699951171875,2336.39990234375,2336.5,2336.5,56
2024-06-18 01:57:00-04:00,2336.5,2336.699951171875,2336.39990234375,2336.699951171875,2336.699951171875,12
2024-06-18 01:58:00-04:00,2336.699951171875,2336.699951171875,2336.5,2336.5,2336.5,15
2024-06-18 01:59:00-04:00,2336.60009765625,2336.800048828125,2336.60009765625,2336.699951171875,2336.699951171875,24
2024-06-18 02:00:00-04:00,2336.699951171875,2337.199951171875,2336.699951171875,2337.0,2337.0,40
2024-06-18 02:01:00-04:00,2337.10009765625,2337.199951171875,2336.60009765625,2336.89990234375,2336.89990234375,29
2024-06-18 02:02:00-04:00,2336.800048828125,2336.800048828125,2336.5,2336.800048828125,2336.800048828125,35
2024-06-18 02:03:00-04:00,2336.800048828125,2336.800048828125,2336.5,2336.60009765625,2336.60009765625,23
2024-06-18 02:04:00-04:00,2336.5,2336.5,2336.199951171875,2336.300048828125,2336.300048828125,18
2024-06-18 02:05:00-04:00,2336.199951171875,2336.300048828125,2335.5,2335.60009765625,2335.60009765625,43
2024-06-18 02:06:00-04:00,2335.699951171875,2335.699951171875,2334.89990234375,2335.199951171875,2335.199951171875,138
2024-06-18 02:07:00-04:00,2335.0,2335.199951171875,2334.699951171875,2335.199951171875,2335.199951171875,90
2024-06-18 02:08:00-04:00,2335.300048828125,2335.5,2335.199951171875,2335.300048828125,2335.300048828125,30
2024-06-18 02:09:00-04:00,2335.199951171875,2336.0,2335.10009765625,2335.699951171875,2335.699951171875,71
2024-06-18 02:10:00-04:00,2335.800048828125,2336.0,2335.800048828125,2335.800048828125,2335.800048828125,31
2024-06-18 02:11:00-04:00,2335.800048828125,2336.0,2335.800048828125,2335.800048828125,2335.800048828125,22
2024-06-18 02:12:00-04:00,2335.89990234375,2336.10009765625,2335.60009765625,2335.60009765625,2335.60009765625,31
2024-06-18 02:13:00-04:00,2335.5,2335.5,2334.300048828125,2334.5,2334.5,100
2024-06-18 02:14:00-04:00,2334.39990234375,2334.800048828125,2334.39990234375,2334.60009765625,2334.60009765625,41
2024-06-18 02:15:00-04:00,2334.5,2334.89990234375,2334.39990234375,2334.89990234375,2334.89990234375,33
2024-06-18 02:16:00-04:00,2334.89990234375,2335.10009765625,2334.89990234375,2335.0,2335.0,30
2024-06-18 02:17:00-04:00,2335.0,2335.39990234375,2335.0,2335.300048828125,2335.300048828125,12
2024-06-18 02:18:00-04:00,2335.39990234375,2335.60009765625,2335.300048828125,2335.300048828125,2335.300048828125,15
2024-06-18 02:19:00-04:00,2335.199951171875,2335.300048828125,2335.0,2335.300048828125,2335.300048828125,16
2024-06-18 02:20:00-04:00,2335.39990234375,2335.5,2335.39990234375,2335.5,2335.5,14
2024-06-18 02:21:00-04:00,2335.60009765625,2335.800048828125,2335.60009765625,2335.800048828125,2335.800048828125,20
2024-06-18 02:22:00-04:00,2335.5,2336.300048828125,2335.5,2335.60009765625,2335.60009765625,98
2024-06-18 02:23:00-04:00,2335.699951171875,2335.800048828125,2335.39990234375,2335.39990234375,2335.39990234375,26
2024-06-18 02:24:00-04:00,2335.300048828125,2335.300048828125,2334.89990234375,2335.0,2335.0,32
2024-06-18 02:25:00-04:00,2335.0,2335.300048828125,2334.89990234375,2335.199951171875,2335.199951171875,28
2024-06-18 02:26:00-04:00,2335.300048828125,2335.60009765625,2335.199951171875,2335.60009765625,2335.60009765625,17
2024-06-18 02:27:00-04:00,2335.60009765625,2336.10009765625,2335.5,2336.0,2336.0,26
2024-06-18 02:28:00-04:00,2335.89990234375,2336.0,2335.5,2335.5,2335.5,25
2024-06-18 02:29:00-04:00,2335.60009765625,2335.699951171875,2335.5,2335.5,2335.5,15
2024-06-18 02:30:00-04:00,2335.60009765625,2335.800048828125,2335.10009765625,2335.39990234375,2335.39990234375,57
2024-06-18 02:31:00-04:00,2335.300048828125,2335.60009765625,2335.300048828125,2335.5,2335.5,17
2024-06-18 02:32:00-04:00,2335.5,2335.800048828125,2335.5,2335.800048828125,2335.800048828125,10
2024-06-18 02:33:00-04:00,2335.800048828125,2336.10009765625,2335.699951171875,2335.699951171875,2335.699951171875,27
2024-06-18 02:34:00-04:00,2335.699951171875,2335.89990234375,2335.60009765625,2335.699951171875,2335.699951171875,13
2024-06-18 02:35:00-04:00,2335.60009765625,2335.699951171875,2335.60009765625,2335.60009765625,2335.60009765625,13
2024-06-18 02:36:00-04:00,2335.699951171875,2336.10009765625,2335.60009765625,2336.0,2336.0,24
2024-06-18 02:37:00-04:00,2335.89990234375,2336.10009765625,2335.699951171875,2335.800048828125,2335.800048828125,38
2024-06-18 02:38:00-04:00,2335.699951171875,2335.800048828125,2334.89990234375,2334.89990234375,2334.89990234375,36
2024-06-18 02:39:00-04:00,2335.0,2335.10009765625,2334.300048828125,2334.39990234375,2334.39990234375,59
2024-06-18 02:40:00-04:00,2334.300048828125,2334.39990234375,2334.10009765625,2334.300048828125,2334.300048828125,86
2024-06-18 02:41:00-04:00,2334.300048828125,2334.89990234375,2334.10009765625,2334.89990234375,2334.89990234375,73
2024-06-18 02:42:00-04:00,2334.800048828125,2334.89990234375,2334.5,2334.60009765625,2334.60009765625,30
2024-06-18 02:43:00-04:00,2334.60009765625,2334.800048828125,2334.5,2334.800048828125,2334.800048828125,16
2024-06-18 02:44:00-04:00,2334.89990234375,2334.89990234375,2334.300048828125,2334.5,2334.5,51
2024-06-18 02:45:00-04:00,2334.60009765625,2334.89990234375,2334.5,2334.800048828125,2334.800048828125,42
2024-06-18 02:46:00-04:00,2334.60009765625,2334.699951171875,2334.39990234375,2334.39990234375,2334.39990234375,17
2024-06-18 02:47:00-04:00,2334.300048828125,2334.300048828125,2334.0,2334.199951171875,2334.199951171875,38
2024-06-18 02:48:00-04:00,2334.199951171875,2334.199951171875,2334.10009765625,2334.10009765625,2334.10009765625,12
2024-06-18 02:49:00-04:00,2334.10009765625,2334.39990234375,2334.0,2334.10009765625,2334.10009765625,50
2024-06-18 02:50:00-04:00,2334.10009765625,2334.199951171875,2334.10009765625,2334.199951171875,2334.199951171875,13
2024-06-18 02:51:00-04:00,2334.0,2334.39990234375,2334.0,2334.199951171875,2334.199951171875,14
2024-06-18 02:54:00-04:00,2334.39990234375,2334.5,2333.800048828125,2334.0,2334.0,353
2024-06-18 02:55:00-04:00,2333.89990234375,2334.199951171875,2333.89990234375,2334.10009765625,2334.10009765625,13
2024-06-18 02:56:00-04:00,2334.199951171875,2334.800048828125,2334.199951171875,2334.699951171875,2334.699951171875,15
2024-06-18 02:57:00-04:00,2334.60009765625,2334.800048828125,2334.60009765625,2334.800048828125,2334.800048828125,47
2024-06-18 02:58:00-04:00,2334.60009765625,2335.0,2334.60009765625,2334.60009765625,2334.60009765625,89
2024-06-18 02:59:00-04:00,2334.699951171875,2334.800048828125,2334.5,2334.60009765625,2334.60009765625,102
2024-06-18 03:00:00-04:00,2334.60009765625,2334.60009765625,2334.10009765625,2334.10009765625,2334.10009765625,59
2024-06-18 03:01:00-04:00,2334.10009765625,2334.10009765625,2333.89990234375,2334.0,2334.0,37
2024-06-18 03:02:00-04:00,2334.10009765625,2334.300048828125,2333.39990234375,2333.699951171875,2333.699951171875,139
2024-06-18 03:03:00-04:00,2333.800048828125,2334.300048828125,2333.800048828125,2333.800048828125,2333.800048828125,84
2024-06-18 03:04:00-04:00,2333.89990234375,2333.89990234375,2332.699951171875,2333.0,2333.0,150
2024-06-18 03:05:00-04:00,2332.89990234375,2333.0,2332.0,2332.39990234375,2332.39990234375,92
2024-06-18 03:06:00-04:00,2332.300048828125,2332.699951171875,2332.0,2332.39990234375,2332.39990234375,123
2024-06-18 03:07:00-04:00,2332.39990234375,2332.39990234375,2332.10009765625,2332.39990234375,2332.39990234375,43
2024-06-18 03:08:00-04:00,2332.39990234375,2332.699951171875,2332.199951171875,2332.60009765625,2332.60009765625,26
2024-06-18 03:09:00-04:00,2332.60009765625,2332.699951171875,2332.199951171875,2332.39990234375,2332.39990234375,32
2024-06-18 03:10:00-04:00,2332.5,2332.699951171875,2332.10009765625,2332.60009765625,2332.60009765625,66
2024-06-18 03:11:00-04:00,2332.60009765625,2332.800048828125,2332.5,2332.699951171875,2332.699951171875,22
2024-06-18 03:12:00-04:00,2332.699951171875,2332.800048828125,2332.5,2332.60009765625,2332.60009765625,35
2024-06-18 03:13:00-04:00,2332.699951171875,2333.199951171875,2332.699951171875,2333.0,2333.0,50
2024-06-18 03:14:00-04:00,2333.10009765625,2333.199951171875,2332.89990234375,2332.89990234375,2332.89990234375,25
2024-06-18 03:15:00-04:00,2333.0,2333.300048828125,2332.800048828125,2333.300048828125,2333.300048828125,48
2024-06-18 03:16:00-04:00,2333.199951171875,2333.199951171875,2332.39990234375,2332.699951171875,2332.699951171875,53
2024-06-18 03:17:00-04:00,2332.800048828125,2333.199951171875,2332.5,2333.199951171875,2333.199951171875,47
2024-06-18 03:18:00-04:00,2333.199951171875,2333.300048828125,2332.60009765625,2332.800048828125,2332.800048828125,43
2024-06-18 03:19:00-04:00,2332.800048828125,2333.10009765625,2332.5,2332.699951171875,2332.699951171875,39
2024-06-18 03:20:00-04:00,2332.800048828125,2333.5,2332.800048828125,2333.39990234375,2333.39990234375,52
2024-06-18 03:22:00-04:00,2333.10009765625,2333.199951171875,2332.89990234375,2333.10009765625,2333.10009765625,61
2024-06-18 03:23:00-04:00,2333.0,2333.39990234375,2333.0,2333.39990234375,2333.39990234375,22
2024-06-18 03:24:00-04:00,2333.60009765625,2333.699951171875,2333.39990234375,2333.5,2333.5,36
2024-06-18 03:25:00-04:00,2333.60009765625,2333.800048828125,2333.300048828125,2333.300048828125,2333.300048828125,42
2024-06-18 03:26:00-04:00,2333.300048828125,2333.5,2333.199951171875,2333.300048828125,2333.300048828125,32
2024-06-18 03:27:00-04:00,2333.199951171875,2333.199951171875,2332.699951171875,2332.800048828125,2332.800048828125,53
2024-06-18 03:28:00-04:00,2332.699951171875,2332.800048828125,2332.300048828125,2332.699951171875,2332.699951171875,74
2024-06-18 03:29:00-04:00,2332.699951171875,2332.89990234375,2332.60009765625,2332.699951171875,2332.699951171875,34
2024-06-18 03:30:00-04:00,2332.60009765625,2333.0,2332.5,2333.0,2333.0,91
2024-06-18 03:31:00-04:00,2333.0,2333.199951171875,2332.89990234375,2333.199951171875,2333.199951171875,14
2024-06-18 03:32:00-04:00,2333.0,2333.300048828125,2332.89990234375,2333.10009765625,2333.10009765625,33
2024-06-18 03:33:00-04:00,2333.10009765625,2333.10009765625,2332.89990234375,2333.0,2333.0,14
2024-06-18 03:34:00-04:00,2332.89990234375,2333.0,2332.699951171875,2332.89990234375,2332.89990234375,40
2024-06-18 03:35:00-04:00,2332.800048828125,2332.800048828125,2332.300048828125,2332.39990234375,2332.39990234375,44
2024-06-18 03:36:00-04:00,2332.39990234375,2332.60009765625,2332.300048828125,2332.300048828125,2332.300048828125,70
2024-06-18 03:37:00-04:00,2332.39990234375,2332.60009765625,2332.199951171875,2332.199951171875,2332.199951171875,15
2024-06-18 03:38:00-04:00,2332.199951171875,2332.300048828125,2331.199951171875,2332.300048828125,2332.300048828125,235
2024-06-18 03:39:00-04:00,2332.199951171875,2332.199951171875,2332.0,2332.199951171875,2332.199951171875,50
2024-06-18 03:40:00-04:00,2332.0,2332.199951171875,2331.60009765625,2331.60009765625,2331.60009765625,32
2024-06-18 03:41:00-04:00,2331.60009765625,2331.699951171875,2331.10009765625,2331.10009765625,2331.10009765625,103
2024-06-18 03:42:00-04:00,2331.199951171875,2331.300048828125,2330.5,2331.199951171875,2331.199951171875,160
2024-06-18 03:43:00-04:00,2331.199951171875,2331.39990234375,2331.0,2331.0,2331.0,36
2024-06-18 03:44:00-04:00,2330.89990234375,2331.10009765625,2330.89990234375,2331.10009765625,2331.10009765625,22
2024-06-18 03:45:00-04:00,2331.0,2331.89990234375,2331.0,2331.60009765625,2331.60009765625,103
2024-06-18 03:46:00-04:00,2331.5,2331.60009765625,2330.5,2330.5,2330.5,83
2024-06-18 03:47:00-04:00,2330.699951171875,2330.699951171875,2330.199951171875,2330.39990234375,2330.39990234375,79
2024-06-18 03:48:00-04:00,2330.5,2330.60009765625,2330.0,2330.300048828125,2330.300048828125,78
2024-06-18 03:49:00-04:00,2330.10009765625,2330.199951171875,2329.800048828125,2329.89990234375,2329.89990234375,43
2024-06-18 03:50:00-04:00,2329.800048828125,2330.0,2329.60009765625,2329.60009765625,2329.60009765625,62
2024-06-18 03:51:00-04:00,2329.5,2330.10009765625,2329.5,2330.10009765625,2330.10009765625,61
2024-06-18 03:52:00-04:00,2330.0,2330.300048828125,2330.0,2330.199951171875,2330.199951171875,56
2024-06-18 03:53:00-04:00,2330.300048828125,2330.39990234375,2330.10009765625,2330.300048828125,2330.300048828125,62
2024-06-18 03:54:00-04:00,2330.10009765625,2330.10009765625,2329.89990234375,2329.89990234375,2329.89990234375,14
2024-06-18 03:55:00-04:00,2330.0,2330.199951171875,2329.800048828125,2330.199951171875,2330.199951171875,61
2024-06-18 03:56:00-04:00,2330.199951171875,2330.300048828125,2330.0,2330.10009765625,2330.10009765625,32
2024-06-18 03:57:00-04:00,2330.199951171875,2330.199951171875,2329.699951171875,2329.800048828125,2329.800048828125,36
2024-06-18 03:58:00-04:00,2329.89990234375,2329.89990234375,2329.800048828125,2329.89990234375,2329.89990234375,10
2024-06-18 03:59:00-04:00,2329.699951171875,2330.39990234375,2329.60009765625,2330.0,2330.0,91
2024-06-18 04:00:00-04:00,2329.89990234375,2329.89990234375,2329.0,2329.300048828125,2329.300048828125,209
2024-06-18 04:01:00-04:00,2329.199951171875,2329.800048828125,2329.199951171875,2329.5,2329.5,56
2024-06-18 04:02:00-04:00,2329.5,2329.699951171875,2329.300048828125,2329.5,2329.5,51
2024-06-18 04:03:00-04:00,2329.39990234375,2329.699951171875,2328.699951171875,2328.800048828125,2328.800048828125,65
2024-06-18 04:04:00-04:00,2328.699951171875,2329.0,2328.60009765625,2328.699951171875,2328.699951171875,80
2024-06-18 04:05:00-04:00,2328.699951171875,2328.699951171875,2327.89990234375,2328.10009765625,2328.10009765625,223
2024-06-18 04:06:00-04:00,2328.0,2328.699951171875,2327.699951171875,2328.699951171875,2328.699951171875,95
2024-06-18 04:07:00-04:00,2328.699951171875,2329.5,2328.699951171875,2329.199951171875,2329.199951171875,80
2024-06-18 04:08:00-04:00,2329.300048828125,2329.300048828125,2328.699951171875,2328.699951171875,2328.699951171875,74
2024-06-18 04:09:00-04:00,2328.699951171875,2328.89990234375,2328.39990234375,2328.5,2328.5,53
2024-06-18 04:10:00-04:00,2328.5,2328.5,2328.0,2328.10009765625,2328.10009765625,59
2024-06-18 04:11:00-04:00,2328.10009765625,2329.0,2328.10009765625,2329.0,2329.0,102
2024-06-18 04:12:00-04:00,2328.89990234375,2329.10009765625,2328.5,2328.5,2328.5,44
2024-06-18 04:13:00-04:00,2328.5,2328.800048828125,2328.39990234375,2328.800048828125,2328.800048828125,35
2024-06-18 04:14:00-04:00,2328.699951171875,2328.699951171875,2327.699951171875,2327.89990234375,2327.89990234375,108
2024-06-18 04:15:00-04:00,2327.89990234375,2328.10009765625,2327.5,2327.800048828125,2327.800048828125,181
2024-06-18 04:16:00-04:00,2327.699951171875,2328.39990234375,2327.39990234375,2327.800048828125,2327.800048828125,262
2024-06-18 04:17:00-04:00,2327.800048828125,2328.199951171875,2327.5,2327.89990234375,2327.89990234375,189
2024-06-18 04:18:00-04:00,2327.800048828125,2328.699951171875,2327.800048828125,2328.699951171875,2328.699951171875,176
2024-06-18 04:19:00-04:00,2328.699951171875,2328.800048828125,2328.199951171875,2328.800048828125,2328.800048828125,137
2024-06-18 04:20:00-04:00,2328.800048828125,2329.199951171875,2328.699951171875,2329.0,2329.0,115
2024-06-18 04:21:00-04:00,2329.0,2329.199951171875,2328.699951171875,2329.0,2329.0,192
2024-06-18 04:22:00-04:00,2329.0,2329.199951171875,2328.39990234375,2328.39990234375,2328.39990234375,117
2024-06-18 04:23:00-04:00,2328.39990234375,2328.800048828125,2328.10009765625,2328.699951171875,2328.699951171875,147
2024-06-18 04:24:00-04:00,2328.89990234375,2328.89990234375,2328.300048828125,2328.300048828125,2328.300048828125,31
2024-06-18 04:25:00-04:00,2328.199951171875,2328.199951171875,2327.89990234375,2327.89990234375,2327.89990234375,105
2024-06-18 04:26:00-04:00,2327.800048828125,2328.0,2327.5,2327.800048828125,2327.800048828125,110
2024-06-18 04:27:00-04:00,2327.699951171875,2327.800048828125,2327.10009765625,2327.10009765625,2327.10009765625,190
2024-06-18 04:28:00-04:00,2327.199951171875,2328.0,2327.10009765625,2327.10009765625,2327.10009765625,79
2024-06-18 04:29:00-04:00,2327.0,2327.10009765625,2325.60009765625,2326.300048828125,2326.300048828125,466
2024-06-18 04:30:00-04:00,2326.300048828125,2326.300048828125,2325.800048828125,2325.89990234375,2325.89990234375,191
2024-06-18 04:31:00-04:00,2325.89990234375,2326.800048828125,2325.89990234375,2326.800048828125,2326.800048828125,93
2024-06-18 04:32:00-04:00,2326.800048828125,2327.10009765625,2326.699951171875,2326.800048828125,2326.800048828125,105
2024-06-18 04:33:00-04:00,2326.89990234375,2327.199951171875,2326.60009765625,2326.60009765625,2326.60009765625,136
2024-06-18 04:34:00-04:00,2326.699951171875,2326.89990234375,2326.60009765625,2326.800048828125,2326.800048828125,37
2024-06-18 04:35:00-04:00,2326.60009765625,2326.60009765625,2326.199951171875,2326.199951171875,2326.199951171875,35
2024-06-18 04:36:00-04:00,2326.10009765625,2326.5,2326.0,2326.300048828125,2326.300048828125,64
2024-06-18 04:37:00-04:00,2326.300048828125,2326.300048828125,2325.60009765625,2325.699951171875,2325.699951171875,157
2024-06-18 04:38:00-04:00,2325.60009765625,2326.0,2325.39990234375,2325.800048828125,2325.800048828125,94
2024-06-18 04:39:00-04:00,2325.800048828125,2326.300048828125,2325.5,2326.300048828125,2326.300048828125,90
2024-06-18 04:40:00-04:00,2326.300048828125,2326.39990234375,2326.10009765625,2326.10009765625,2326.10009765625,70
2024-06-18 04:41:00-04:00,2326.10009765625,2326.39990234375,2326.0,2326.39990234375,2326.39990234375,120
2024-06-18 04:42:00-04:00,2326.5,2327.39990234375,2326.39990234375,2327.300048828125,2327.300048828125,344
2024-06-18 04:43:00-04:00,2327.300048828125,2327.699951171875,2327.199951171875,2327.699951171875,2327.699951171875,132
2024-06-18 04:44:00-04:00,2327.60009765625,2327.800048828125,2327.199951171875,2327.199951171875,2327.199951171875,49
2024-06-18 04:45:00-04:00,2327.10009765625,2327.300048828125,2326.800048828125,2327.0,2327.0,66
2024-06-18 04:46:00-04:00,2326.89990234375,2327.60009765625,2326.699951171875,2327.10009765625,2327.10009765625,75
2024-06-18 04:47:00-04:00,2327.10009765625,2327.300048828125,2326.89990234375,2326.89990234375,2326.89990234375,31
2024-06-18 04:48:00-04:00,2327.0,2327.199951171875,2326.800048828125,2326.800048828125,2326.800048828125,86
2024-06-18 04:49:00-04:00,2326.699951171875,2326.800048828125,2326.60009765625,2326.60009765625,2326.60009765625,54
2024-06-18 04:50:00-04:00,2326.60009765625,2326.60009765625,2325.800048828125,2326.5,2326.5,237
2024-06-18 04:51:00-04:00,2326.5,2326.800048828125,2326.39990234375,2326.60009765625,2326.60009765625,107
2024-06-18 04:52:00-04:00,2326.60009765625,2326.89990234375,2326.39990234375,2326.39990234375,2326.39990234375,44
2024-06-18 04:53:00-04:00,2326.5,2326.699951171875,2326.39990234375,2326.699951171875,2326.699951171875,10
2024-06-18 04:54:00-04:00,2326.5,2326.5,2325.800048828125,2326.0,2326.0,67
2024-06-18 04:55:00-04:00,2326.10009765625,2326.199951171875,2324.60009765625,2325.5,2325.5,503
2024-06-18 04:56:00-04:00,2325.5,2326.5,2325.300048828125,2326.300048828125,2326.300048828125,208
2024-06-18 04:57:00-04:00,2326.300048828125,2326.5,2326.0,2326.39990234375,2326.39990234375,36
2024-06-18 04:58:00-04:00,2326.300048828125,2326.39990234375,2325.800048828125,2326.300048828125,2326.300048828125,67
2024-06-18 04:59:00-04:00,2326.300048828125,2326.39990234375,2325.800048828125,2325.800048828125,2325.800048828125,75
2024-06-18 05:00:00-04:00,2325.699951171875,2325.800048828125,2325.39990234375,2325.5,2325.5,80
2024-06-18 05:01:00-04:00,2325.60009765625,2326.39990234375,2325.60009765625,2326.10009765625,2326.10009765625,142
2024-06-18 05:02:00-04:00,2326.10009765625,2326.39990234375,2325.89990234375,2326.39990234375,2326.39990234375,91
2024-06-18 05:03:00-04:00,2326.300048828125,2326.5,2326.10009765625,2326.39990234375,2326.39990234375,114
2024-06-18 05:04:00-04:00,2326.300048828125,2327.0,2325.89990234375,2326.89990234375,2326.89990234375,164
2024-06-18 05:05:00-04:00,2327.0,2327.60009765625,2327.0,2327.5,2327.5,102
2024-06-18 05:06:00-04:00,2327.39990234375,2327.699951171875,2326.89990234375,2327.199951171875,2327.199951171875,100
2024-06-18 05:07:00-04:00,2327.199951171875,2327.800048828125,2326.89990234375,2327.39990234375,2327.39990234375,113
2024-06-18 05:08:00-04:00,2327.39990234375,2328.10009765625,2327.39990234375,2327.800048828125,2327.800048828125,64
2024-06-18 05:09:00-04:00,2327.699951171875,2328.10009765625,2327.60009765625,2327.89990234375,2327.89990234375,76
2024-06-18 05:10:00-04:00,2327.89990234375,2328.60009765625,2327.89990234375,2328.60009765625,2328.60009765625,115
2024-06-18 05:11:00-04:00,2328.39990234375,2328.5,2327.5,2327.89990234375,2327.89990234375,160
2024-06-18 05:12:00-04:00,2328.0,2328.5,2327.89990234375,2328.5,2328.5,84
2024-06-18 05:13:00-04:00,2328.39990234375,2328.60009765625,2328.10009765625,2328.199951171875,2328.199951171875,91
2024-06-18 05:14:00-04:00,2328.10009765625,2328.10009765625,2327.60009765625,2328.10009765625,2328.10009765625,56
2024-06-18 05:15:00-04:00,2328.10009765625,2328.60009765625,2328.10009765625,2328.39990234375,2328.39990234375,75
2024-06-18 05:16:00-04:00,2328.5,2328.60009765625,2328.39990234375,2328.60009765625,2328.60009765625,11
2024-06-18 05:17:00-04:00,2328.39990234375,2328.39990234375,2328.199951171875,2328.300048828125,2328.300048828125,15
2024-06-18 05:18:00-04:00,2328.39990234375,2328.60009765625,2328.300048828125,2328.300048828125,2328.300048828125,23
2024-06-18 05:19:00-04:00,2328.39990234375,2328.5,2328.10009765625,2328.10009765625,2328.10009765625,19
2024-06-18 05:20:00-04:00,2328.10009765625,2328.89990234375,2328.10009765625,2328.60009765625,2328.60009765625,98
2024-06-18 05:21:00-04:00,2328.699951171875,2328.699951171875,2328.39990234375,2328.39990234375,2328.39990234375,39
2024-06-18 05:22:00-04:00,2328.39990234375,2328.5,2327.89990234375,2328.0,2328.0,84
2024-06-18 05:23:00-04:00,2328.10009765625,2328.300048828125,2328.0,2328.199951171875,2328.199951171875,74
2024-06-18 05:24:00-04:00,2328.300048828125,2328.5,2327.39990234375,2327.5,2327.5,79
2024-06-18 05:25:00-04:00,2327.60009765625,2328.0,2327.10009765625,2328.0,2328.0,86
2024-06-18 05:26:00-04:00,2327.800048828125,2328.0,2327.199951171875,2327.39990234375,2327.39990234375,100
2024-06-18 05:27:00-04:00,2327.5,2327.5,2327.199951171875,2327.300048828125,2327.300048828125,49
2024-06-18 05:28:00-04:00,2327.10009765625,2327.199951171875,2326.5,2326.60009765625,2326.60009765625,54
2024-06-18 05:29:00-04:00,2326.5,2326.89990234375,2326.39990234375,2326.699951171875,2326.699951171875,98
2024-06-18 05:30:00-04:00,2326.60009765625,2326.699951171875,2326.199951171875,2326.300048828125,2326.300048828125,135
2024-06-18 05:31:00-04:00,2326.300048828125,2326.60009765625,2326.199951171875,2326.39990234375,2326.39990234375,215
2024-06-18 05:32:00-04:00,2326.39990234375,2326.60009765625,2325.699951171875,2325.699951171875,2325.699951171875,119
2024-06-18 05:33:00-04:00,2325.699951171875,2325.89990234375,2325.60009765625,2325.699951171875,2325.699951171875,53
2024-06-18 05:34:00-04:00,2325.800048828125,2326.699951171875,2325.699951171875,2326.10009765625,2326.10009765625,146
2024-06-18 05:35:00-04:00,2326.10009765625,2327.0,2326.10009765625,2326.300048828125,2326.300048828125,203
2024-06-18 05:36:00-04:00,2326.300048828125,2326.699951171875,2326.10009765625,2326.39990234375,2326.39990234375,237
2024-06-18 05:37:00-04:00,2326.5,2326.699951171875,2326.199951171875,2326.39990234375,2326.39990234375,136
2024-06-18 05:38:00-04:00,2326.5,2326.60009765625,2326.10009765625,2326.39990234375,2326.39990234375,171
2024-06-18 05:39:00-04:00,2326.39990234375,2326.699951171875,2326.10009765625,2326.10009765625,2326.10009765625,177
2024-06-18 05:40:00-04:00,2326.199951171875,2326.300048828125,2326.0,2326.300048828125,2326.300048828125,54
2024-06-18 05:41:00-04:00,2326.300048828125,2326.800048828125,2325.800048828125,2326.0,2326.0,102
2024-06-18 05:42:00-04:00,2325.800048828125,2326.39990234375,2325.800048828125,2326.39990234375,2326.39990234375,47
2024-06-18 05:43:00-04:00,2326.39990234375,2326.5,2326.10009765625,2326.10009765625,2326.10009765625,27
2024-06-18 05:44:00-04:00,2326.10009765625,2326.5,2326.0,2326.0,2326.0,36
2024-06-18 05:45:00-04:00,2326.0,2326.300048828125,2325.89990234375,2326.0,2326.0,46
2024-06-18 05:46:00-04:00,2326.0,2326.300048828125,2326.0,2326.10009765625,2326.10009765625,48
2024-06-18 05:47:00-04:00,2326.199951171875,2326.699951171875,2326.199951171875,2326.699951171875,2326.699951171875,106
2024-06-18 05:48:00-04:00,2326.60009765625,2326.800048828125,2326.300048828125,2326.39990234375,2326.39990234375,32
2024-06-18 05:49:00-04:00,2326.5,2326.800048828125,2326.39990234375,2326.800048828125,2326.800048828125,30
2024-06-18 05:50:00-04:00,2326.699951171875,2326.699951171875,2326.300048828125,2326.39990234375,2326.39990234375,13
2024-06-18 05:51:00-04:00,2326.300048828125,2326.39990234375,2325.89990234375,2326.0,2326.0,33
2024-06-18 05:52:00-04:00,2326.0,2326.10009765625,2325.699951171875,2325.89990234375,2325.89990234375,41
2024-06-18 05:53:00-04:00,2325.89990234375,2326.10009765625,2325.89990234375,2326.10009765625,2326.10009765625,37
2024-06-18 05:54:00-04:00,2326.10009765625,2326.10009765625,2325.89990234375,2326.0,2326.0,14
2024-06-18 05:55:00-04:00,2326.0,2326.0,2325.699951171875,2325.699951171875,2325.699951171875,24
2024-06-18 05:56:00-04:00,2325.60009765625,2325.89990234375,2325.60009765625,2325.800048828125,2325.800048828125,10
2024-06-18 05:57:00-04:00,2325.800048828125,2325.89990234375,2325.39990234375,2325.5,2325.5,50
2024-06-18 05:58:00-04:00,2325.39990234375,2325.699951171875,2325.300048828125,2325.699951171875,2325.699951171875,31
2024-06-18 05:59:00-04:00,2325.800048828125,2325.800048828125,2325.5,2325.5,2325.5,13
2024-06-18 06:00:00-04:00,2325.5,2326.39990234375,2325.300048828125,2326.39990234375,2326.39990234375,70
2024-06-18 06:01:00-04:00,2326.300048828125,2326.699951171875,2325.89990234375,2326.39990234375,2326.39990234375,130
2024-06-18 06:02:00-04:00,2326.300048828125,2326.39990234375,2326.0,2326.39990234375,2326.39990234375,52
2024-06-18 06:03:00-04:00,2326.300048828125,2326.89990234375,2326.300048828125,2326.60009765625,2326.60009765625,77
2024-06-18 06:04:00-04:00,2326.699951171875,2326.800048828125,2326.60009765625,2326.60009765625,2326.60009765625,10
2024-06-18 06:05:00-04:00,2326.60009765625,2326.60009765625,2326.199951171875,2326.199951171875,2326.199951171875,18
2024-06-18 06:06:00-04:00,2326.39990234375,2326.5,2326.10009765625,2326.5,2326.5,57
2024-06-18 06:07:00-04:00,2326.39990234375,2326.60009765625,2326.0,2326.199951171875,2326.199951171875,33
2024-06-18 06:08:00-04:00,2326.300048828125,2326.39990234375,2326.199951171875,2326.300048828125,2326.300048828125,38
2024-06-18 06:09:00-04:00,2326.199951171875,2326.39990234375,2326.199951171875,2326.199951171875,2326.199951171875,41
2024-06-18 06:10:00-04:00,2326.10009765625,2326.39990234375,2325.89990234375,2325.89990234375,2325.89990234375,83
2024-06-18 06:11:00-04:00,2326.0,2326.0,2325.699951171875,2325.800048828125,2325.800048828125,37
2024-06-18 06:12:00-04:00,2325.699951171875,2325.89990234375,2325.699951171875,2325.800048828125,2325.800048828125,19
2024-06-18 06:13:00-04:00,2325.800048828125,2325.89990234375,2325.699951171875,2325.800048828125,2325.800048828125,37
2024-06-18 06:14:00-04:00,2325.800048828125,2325.800048828125,2325.60009765625,2325.800048828125,2325.800048828125,24
2024-06-18 06:15:00-04:00,2325.699951171875,2326.0,2325.699951171875,2325.89990234375,2325.89990234375,29
2024-06-18 06:16:00-04:00,2325.89990234375,2325.89990234375,2325.699951171875,2325.699951171875,2325.699951171875,18
2024-06-18 06:17:00-04:00,2325.699951171875,2325.699951171875,2325.5,2325.60009765625,2325.60009765625,59
2024-06-18 06:18:00-04:00,2325.60009765625,2326.10009765625,2325.60009765625,2325.699951171875,2325.699951171875,57
2024-06-18 06:19:00-04:00,2325.699951171875,2325.800048828125,2325.5,2325.5,2325.5,15
2024-06-18 06:20:00-04:00,2325.5,2325.5,2325.300048828125,2325.300048828125,2325.300048828125,80
2024-06-18 06:21:00-04:00,2325.39990234375,2325.5,2325.199951171875,2325.300048828125,2325.300048828125,59
2024-06-18 06:22:00-04:00,2325.39990234375,2325.5,2325.199951171875,2325.199951171875,2325.199951171875,45
2024-06-18 06:23:00-04:00,2325.199951171875,2325.5,2325.10009765625,2325.300048828125,2325.300048828125,102
2024-06-18 06:24:00-04:00,2325.39990234375,2325.39990234375,2324.89990234375,2324.89990234375,2324.89990234375,211
2024-06-18 06:25:00-04:00,2324.89990234375,2325.10009765625,2322.39990234375,2324.199951171875,2324.199951171875,1171
2024-06-18 06:26:00-04:00,2324.0,2324.10009765625,2323.5,2323.800048828125,2323.800048828125,314
2024-06-18 06:27:00-04:00,2323.699951171875,2325.0,2323.5,2324.800048828125,2324.800048828125,319
2024-06-18 06:28:00-04:00,2324.800048828125,2325.10009765625,2324.5,2324.5,2324.5,161
2024-06-18 06:29:00-04:00,2324.39990234375,2324.60009765625,2324.199951171875,2324.5,2324.5,83
2024-06-18 06:30:00-04:00,2324.39990234375,2324.5,2324.199951171875,2324.199951171875,2324.199951171875,67
2024-06-18 06:31:00-04:00,2324.199951171875,2324.199951171875,2323.60009765625,2323.60009765625,2323.60009765625,112
2024-06-18 06:32:00-04:00,2323.699951171875,2324.199951171875,2323.699951171875,2324.199951171875,2324.199951171875,48
2024-06-18 06:33:00-04:00,2324.10009765625,2324.10009765625,2323.5,2323.60009765625,2323.60009765625,76
2024-06-18 06:34:00-04:00,2323.5,2323.800048828125,2323.39990234375,2323.39990234375,2323.39990234375,46
2024-06-18 06:35:00-04:00,2323.39990234375,2324.0,2323.300048828125,2323.60009765625,2323.60009765625,103
2024-06-18 06:36:00-04:00,2323.60009765625,2323.699951171875,2322.699951171875,2322.800048828125,2322.800048828125,181
2024-06-18 06:37:00-04:00,2322.800048828125,2323.10009765625,2322.300048828125,2323.10009765625,2323.10009765625,123
2024-06-18 06:38:00-04:00,2323.0,2323.199951171875,2322.60009765625,2322.800048828125,2322.800048828125,81
2024-06-18 06:39:00-04:00,2322.800048828125,2323.0,2322.60009765625,2322.699951171875,2322.699951171875,54
2024-06-18 06:40:00-04:00,2322.699951171875,2323.5,2322.699951171875,2323.199951171875,2323.199951171875,203
2024-06-18 06:41:00-04:00,2323.0,2323.10009765625,2322.800048828125,2322.800048828125,2322.800048828125,39
2024-06-18 06:42:00-04:00,2322.60009765625,2322.699951171875,2322.199951171875,2322.300048828125,2322.300048828125,71
2024-06-18 06:43:00-04:00,2322.300048828125,2322.699951171875,2321.800048828125,2321.89990234375,2321.89990234375,103
2024-06-18 06:44:00-04:00,2321.800048828125,2321.89990234375,2320.199951171875,2321.699951171875,2321.699951171875,512
2024-06-18 06:45:00-04:00,2321.699951171875,2321.89990234375,2321.60009765625,2321.89990234375,2321.89990234375,135
2024-06-18 06:46:00-04:00,2321.89990234375,2321.89990234375,2321.0,2321.300048828125,2321.300048828125,190
2024-06-18 06:47:00-04:00,2321.39990234375,2322.199951171875,2321.39990234375,2321.89990234375,2321.89990234375,138
2024-06-18 06:48:00-04:00,2321.89990234375,2322.699951171875,2321.800048828125,2322.39990234375,2322.39990234375,157
2024-06-18 06:49:00-04:00,2322.5,2323.0,2322.0,2322.800048828125,2322.800048828125,335
2024-06-18 06:50:00-04:00,2322.800048828125,2322.89990234375,2322.60009765625,2322.89990234375,2322.89990234375,57
2024-06-18 06:51:00-04:00,2323.0,2323.199951171875,2322.89990234375,2323.0,2323.0,97
2024-06-18 06:52:00-04:00,2322.89990234375,2323.60009765625,2322.800048828125,2323.39990234375,2323.39990234375,99
2024-06-18 06:53:00-04:00,2323.39990234375,2323.60009765625,2323.0,2323.10009765625,2323.10009765625,98
2024-06-18 06:54:00-04:00,2323.199951171875,2323.5,2323.10009765625,2323.10009765625,2323.10009765625,27
2024-06-18 06:55:00-04:00,2323.10009765625,2323.5,2323.10009765625,2323.5,2323.5,21
2024-06-18 06:56:00-04:00,2323.39990234375,2323.5,2323.0,2323.0,2323.0,43
2024-06-18 06:57:00-04:00,2322.89990234375,2323.0,2322.60009765625,2322.699951171875,2322.699951171875,70
2024-06-18 06:58:00-04:00,2322.699951171875,2322.800048828125,2322.5,2322.60009765625,2322.60009765625,38
2024-06-18 06:59:00-04:00,2322.699951171875,2322.699951171875,2322.5,2322.699951171875,2322.699951171875,33
2024-06-18 07:00:00-04:00,2322.800048828125,2323.5,2322.800048828125,2323.199951171875,2323.199951171875,120
2024-06-18 07:01:00-04:00,2323.300048828125,2323.300048828125,2322.60009765625,2322.699951171875,2322.699951171875,45
2024-06-18 07:02:00-04:00,2322.699951171875,2322.699951171875,2321.699951171875,2321.89990234375,2321.89990234375,128
2024-06-18 07:03:00-04:00,2321.89990234375,2321.89990234375,2321.300048828125,2321.39990234375,2321.39990234375,77
2024-06-18 07:04:00-04:00,2321.39990234375,2322.0,2321.300048828125,2321.699951171875,2321.699951171875,47
2024-06-18 07:05:00-04:00,2321.800048828125,2321.89990234375,2321.39990234375,2321.5,2321.5,58
2024-06-18 07:06:00-04:00,2321.39990234375,2321.5,2321.39990234375,2321.39990234375,2321.39990234375,14
2024-06-18 07:07:00-04:00,2321.5,2321.5,2321.39990234375,2321.5,2321.5,74
2024-06-18 07:08:00-04:00,2321.39990234375,2322.199951171875,2321.300048828125,2321.800048828125,2321.800048828125,58
2024-06-18 07:09:00-04:00,2321.89990234375,2322.199951171875,2321.89990234375,2322.10009765625,2322.10009765625,58
2024-06-18 07:10:00-04:00,2322.10009765625,2322.800048828125,2322.10009765625,2322.800048828125,2322.800048828125,116
2024-06-18 07:11:00-04:00,2322.800048828125,2322.89990234375,2322.5,2322.89990234375,2322.89990234375,34
2024-06-18 07:12:00-04:00,2323.0,2323.5,2323.0,2323.5,2323.5,119
2024-06-18 07:13:00-04:00,2323.5,2324.39990234375,2323.199951171875,2324.300048828125,2324.300048828125,318
2024-06-18 07:14:00-04:00,2324.199951171875,2324.5,2323.300048828125,2323.39990234375,2323.39990234375,197
2024-06-18 07:15:00-04:00,2323.5,2324.0,2323.39990234375,2323.60009765625,2323.60009765625,93
2024-06-18 07:16:00-04:00,2323.699951171875,2324.300048828125,2323.5,2323.699951171875,2323.699951171875,268
2024-06-18 07:17:00-04:00,2323.699951171875,2324.10009765625,2323.5,2324.0,2324.0,149
2024-06-18 07:18:00-04:00,2324.0,2324.60009765625,2323.89990234375,2324.300048828125,2324.300048828125,130
2024-06-18 07:19:00-04:00,2324.300048828125,2324.39990234375,2324.10009765625,2324.39990234375,2324.39990234375,28
2024-06-18 07:20:00-04:00,2324.5,2324.60009765625,2324.300048828125,2324.5,2324.5,21
2024-06-18 07:21:00-04:00,2324.5,2324.60009765625,2324.199951171875,2324.300048828125,2324.300048828125,59
2024-06-18 07:22:00-04:00,2324.300048828125,2325.10009765625,2324.300048828125,2325.0,2325.0,115
2024-06-18 07:23:00-04:00,2324.89990234375,2325.199951171875,2324.699951171875,2325.0,2325.0,51
2024-06-18 07:24:00-04:00,2325.199951171875,2325.199951171875,2324.60009765625,2325.0,2325.0,78
2024-06-18 07:25:00-04:00,2324.89990234375,2324.89990234375,2324.5,2324.5,2324.5,31
2024-06-18 07:26:00-04:00,2324.39990234375,2325.199951171875,2324.39990234375,2325.10009765625,2325.10009765625,49
2024-06-18 07:27:00-04:00,2325.10009765625,2325.800048828125,2325.0,2325.300048828125,2325.300048828125,138
2024-06-18 07:28:00-04:00,2325.300048828125,2325.39990234375,2325.0,2325.10009765625,2325.10009765625,60
2024-06-18 07:29:00-04:00,2325.10009765625,2325.60009765625,2325.0,2325.5,2325.5,70
2024-06-18 07:30:00-04:00,2325.5,2325.89990234375,2325.5,2325.60009765625,2325.60009765625,95
2024-06-18 07:31:00-04:00,2325.60009765625,2326.0,2325.60009765625,2325.89990234375,2325.89990234375,80
2024-06-18 07:32:00-04:00,2325.800048828125,2325.89990234375,2325.300048828125,2325.300048828125,2325.300048828125,55
2024-06-18 07:33:00-04:00,2325.39990234375,2325.5,2325.300048828125,2325.39990234375,2325.39990234375,27
2024-06-18 07:34:00-04:00,2325.5,2325.699951171875,2325.199951171875,2325.300048828125,2325.300048828125,75
2024-06-18 07:35:00-04:00,2325.39990234375,2325.39990234375,2324.60009765625,2324.699951171875,2324.699951171875,84
2024-06-18 07:36:00-04:00,2324.699951171875,2324.800048828125,2324.199951171875,2324.39990234375,2324.39990234375,77
2024-06-18 07:37:00-04:00,2324.39990234375,2324.39990234375,2323.699951171875,2324.10009765625,2324.10009765625,91
2024-06-18 07:38:00-04:00,2324.199951171875,2324.60009765625,2324.10009765625,2324.5,2324.5,59
2024-06-18 07:39:00-04:00,2324.5,2324.699951171875,2324.0,2324.10009765625,2324.10009765625,90
2024-06-18 07:40:00-04:00,2324.10009765625,2324.5,2324.0,2324.10009765625,2324.10009765625,31
2024-06-18 07:41:00-04:00,2324.199951171875,2325.0,2324.199951171875,2324.699951171875,2324.699951171875,114
2024-06-18 07:42:00-04:00,2324.800048828125,2325.60009765625,2324.699951171875,2325.5,2325.5,65
2024-06-18 07:43:00-04:00,2325.5,2325.800048828125,2325.5,2325.60009765625,2325.60009765625,57
2024-06-18 07:44:00-04:00,2325.60009765625,2325.699951171875,2325.5,2325.60009765625,2325.60009765625,40
2024-06-18 07:45:00-04:00,2325.800048828125,2326.39990234375,2325.60009765625,2325.699951171875,2325.699951171875,115
2024-06-18 07:46:00-04:00,2325.699951171875,2326.0,2325.5,2326.0,2326.0,57
2024-06-18 07:47:00-04:00,2325.800048828125,2326.300048828125,2325.800048828125,2326.300048828125,2326.300048828125,21
2024-06-18 07:48:00-04:00,2326.39990234375,2326.800048828125,2326.300048828125,2326.60009765625,2326.60009765625,131
2024-06-18 07:49:00-04:00,2326.699951171875,2327.5,2326.5,2327.39990234375,2327.39990234375,130
2024-06-18 07:50:00-04:00,2327.39990234375,2327.5,2326.699951171875,2327.199951171875,2327.199951171875,96
2024-06-18 07:51:00-04:00,2327.300048828125,2328.199951171875,2327.199951171875,2327.89990234375,2327.89990234375,202
2024-06-18 07:52:00-04:00,2327.800048828125,2328.199951171875,2327.800048828125,2328.10009765625,2328.10009765625,48
2024-06-18 07:53:00-04:00,2328.199951171875,2328.60009765625,2328.199951171875,2328.39990234375,2328.39990234375,124
2024-06-18 07:54:00-04:00,2328.300048828125,2328.39990234375,2327.199951171875,2327.199951171875,2327.199951171875,172
2024-06-18 07:55:00-04:00,2327.199951171875,2327.800048828125,2326.800048828125,2327.300048828125,2327.300048828125,281
2024-06-18 07:56:00-04:00,2327.39990234375,2328.60009765625,2327.10009765625,2328.10009765625,2328.10009765625,422
2024-06-18 07:57:00-04:00,2328.10009765625,2328.60009765625,2328.0,2328.0,2328.0,163
2024-06-18 07:58:00-04:00,2328.10009765625,2328.199951171875,2327.89990234375,2328.0,2328.0,44
2024-06-18 07:59:00-04:00,2328.0,2328.300048828125,2327.800048828125,2328.0,2328.0,87
2024-06-18 08:00:00-04:00,2327.89990234375,2328.300048828125,2327.89990234375,2328.199951171875,2328.199951171875,118
2024-06-18 08:01:00-04:00,2328.199951171875,2328.199951171875,2327.10009765625,2327.5,2327.5,237
2024-06-18 08:02:00-04:00,2327.39990234375,2327.800048828125,2327.10009765625,2327.800048828125,2327.800048828125,81
2024-06-18 08:03:00-04:00,2327.800048828125,2327.89990234375,2327.39990234375,2327.60009765625,2327.60009765625,64
2024-06-18 08:04:00-04:00,2327.39990234375,2327.699951171875,2327.199951171875,2327.60009765625,2327.60009765625,68
2024-06-18 08:05:00-04:00,2327.699951171875,2327.699951171875,2327.300048828125,2327.5,2327.5,35
2024-06-18 08:06:00-04:00,2327.5,2327.60009765625,2327.199951171875,2327.5,2327.5,36
2024-06-18 08:07:00-04:00,2327.60009765625,2327.699951171875,2326.89990234375,2327.10009765625,2327.10009765625,60
2024-06-18 08:08:00-04:00,2327.0,2327.199951171875,2326.89990234375,2326.89990234375,2326.89990234375,100
2024-06-18 08:09:00-04:00,2326.89990234375,2327.300048828125,2326.39990234375,2327.199951171875,2327.199951171875,77
2024-06-18 08:10:00-04:00,2327.300048828125,2327.699951171875,2327.300048828125,2327.5,2327.5,42
2024-06-18 08:11:00-04:00,2327.5,2328.300048828125,2327.39990234375,2328.10009765625,2328.10009765625,56
2024-06-18 08:12:00-04:00,2328.0,2328.199951171875,2327.800048828125,2328.199951171875,2328.199951171875,58
2024-06-18 08:13:00-04:00,2328.10009765625,2328.10009765625,2327.699951171875,2327.800048828125,2327.800048828125,26
2024-06-18 08:14:00-04:00,2327.800048828125,2328.10009765625,2327.699951171875,2327.89990234375,2327.89990234375,34
2024-06-18 08:15:00-04:00,2327.89990234375,2328.10009765625,2327.699951171875,2328.10009765625,2328.10009765625,40
2024-06-18 08:16:00-04:00,2328.199951171875,2329.10009765625,2328.10009765625,2328.89990234375,2328.89990234375,370
2024-06-18 08:17:00-04:00,2329.0,2329.10009765625,2328.60009765625,2328.60009765625,2328.60009765625,110
2024-06-18 08:18:00-04:00,2328.60009765625,2328.699951171875,2328.10009765625,2328.39990234375,2328.39990234375,111
2024-06-18 08:19:00-04:00,2328.300048828125,2329.300048828125,2328.10009765625,2329.199951171875,2329.199951171875,98
2024-06-18 08:20:00-04:00,2329.300048828125,2330.10009765625,2328.0,2328.39990234375,2328.39990234375,517
2024-06-18 08:21:00-04:00,2328.199951171875,2328.39990234375,2327.800048828125,2327.89990234375,2327.89990234375,182
2024-06-18 08:22:00-04:00,2328.0,2328.0,2326.699951171875,2327.0,2327.0,304
2024-06-18 08:23:00-04:00,2326.89990234375,2327.300048828125,2326.800048828125,2327.0,2327.0,120
2024-06-18 08:24:00-04:00,2326.89990234375,2328.0,2326.800048828125,2327.60009765625,2327.60009765625,125
2024-06-18 08:25:00-04:00,2327.5,2327.5,2326.89990234375,2327.10009765625,2327.10009765625,118
2024-06-18 08:26:00-04:00,2327.0,2327.300048828125,2326.39990234375,2326.5,2326.5,183
2024-06-18 08:27:00-04:00,2326.60009765625,2326.699951171875,2326.0,2326.199951171875,2326.199951171875,151
2024-06-18 08:28:00-04:00,2326.10009765625,2326.60009765625,2326.10009765625,2326.5,2326.5,82
2024-06-18 08:29:00-04:00,2326.5,2327.0,2326.10009765625,2326.800048828125,2326.800048828125,134
2024-06-18 08:30:00-04:00,2326.89990234375,2334.5,2326.89990234375,2332.800048828125,2332.800048828125,1930
2024-06-18 08:31:00-04:00,2333.0,2333.60009765625,2331.89990234375,2332.10009765625,2332.10009765625,798
2024-06-18 08:32:00-04:00,2332.0,2333.89990234375,2331.800048828125,2332.5,2332.5,724
2024-06-18 08:33:00-04:00,2332.5,2332.89990234375,2330.199951171875,2330.699951171875,2330.699951171875,661
2024-06-18 08:34:00-04:00,2330.699951171875,2332.39990234375,2329.800048828125,2331.699951171875,2331.699951171875,386
2024-06-18 08:35:00-04:00,2331.800048828125,2332.699951171875,2330.699951171875,2332.300048828125,2332.300048828125,408
2024-06-18 08:36:00-04:00,2332.39990234375,2334.5,2332.300048828125,2333.800048828125,2333.800048828125,586
2024-06-18 08:37:00-04:00,2333.800048828125,2334.5,2333.39990234375,2333.699951171875,2333.699951171875,614
2024-06-18 08:38:00-04:00,2333.60009765625,2334.800048828125,2333.60009765625,2334.0,2334.0,307
2024-06-18 08:39:00-04:00,2334.10009765625,2335.199951171875,2333.800048828125,2334.89990234375,2334.89990234375,426
2024-06-18 08:40:00-04:00,2334.89990234375,2335.800048828125,2334.699951171875,2334.699951171875,2334.699951171875,338
2024-06-18 08:41:00-04:00,2334.800048828125,2335.60009765625,2334.39990234375,2335.39990234375,2335.39990234375,433
2024-06-18 08:42:00-04:00,2335.5,2336.60009765625,2335.300048828125,2336.300048828125,2336.300048828125,415
2024-06-18 08:43:00-04:00,2336.39990234375,2337.0,2335.199951171875,2336.699951171875,2336.699951171875,359
2024-06-18 08:44:00-04:00,2336.699951171875,2337.10009765625,2336.199951171875,2336.699951171875,2336.699951171875,420
2024-06-18 08:45:00-04:00,2336.800048828125,2337.0,2336.300048828125,2336.699951171875,2336.699951171875,357
2024-06-18 08:46:00-04:00,2336.699951171875,2338.800048828125,2336.60009765625,2337.300048828125,2337.300048828125,871
2024-06-18 08:47:00-04:00,2337.300048828125,2337.300048828125,2335.10009765625,2335.199951171875,2335.199951171875,360
2024-06-18 08:48:00-04:00,2335.199951171875,2335.800048828125,2334.0,2334.39990234375,2334.39990234375,624
2024-06-18 08:49:00-04:00,2334.300048828125,2334.89990234375,2333.800048828125,2334.300048828125,2334.300048828125,427
2024-06-18 08:50:00-04:00,2334.199951171875,2334.199951171875,2332.800048828125,2333.5,2333.5,437
2024-06-18 08:51:00-04:00,2333.60009765625,2333.89990234375,2332.300048828125,2332.800048828125,2332.800048828125,264
2024-06-18 08:52:00-04:00,2333.0,2333.10009765625,2332.199951171875,2332.5,2332.5,166
2024-06-18 08:53:00-04:00,2332.60009765625,2332.60009765625,2330.800048828125,2331.199951171875,2331.199951171875,371
2024-06-18 08:54:00-04:00,2331.300048828125,2331.5,2329.5,2330.300048828125,2330.300048828125,362
2024-06-18 08:55:00-04:00,2330.300048828125,2330.300048828125,2328.800048828125,2329.39990234375,2329.39990234375,361
2024-06-18 08:56:00-04:00,2329.199951171875,2329.39990234375,2328.0,2328.10009765625,2328.10009765625,388
2024-06-18 08:57:00-04:00,2328.199951171875,2329.300048828125,2327.10009765625,2328.199951171875,2328.199951171875,487
2024-06-18 08:58:00-04:00,2328.39990234375,2329.199951171875,2328.0,2328.89990234375,2328.89990234375,221
2024-06-18 08:59:00-04:00,2328.800048828125,2329.39990234375,2328.300048828125,2328.39990234375,2328.39990234375,214
2024-06-18 09:00:00-04:00,2328.5,2329.800048828125,2328.300048828125,2329.699951171875,2329.699951171875,501
2024-06-18 09:01:00-04:00,2329.60009765625,2329.60009765625,2328.300048828125,2328.5,2328.5,237
2024-06-18 09:02:00-04:00,2328.5,2330.199951171875,2328.5,2330.10009765625,2330.10009765625,314
2024-06-18 09:03:00-04:00,2330.10009765625,2330.699951171875,2329.10009765625,2329.39990234375,2329.39990234375,314
2024-06-18 09:04:00-04:00,2329.39990234375,2331.0,2329.199951171875,2330.60009765625,2330.60009765625,223
2024-06-18 09:05:00-04:00,2330.5,2331.300048828125,2330.10009765625,2330.699951171875,2330.699951171875,292
2024-06-18 09:06:00-04:00,2330.60009765625,2331.800048828125,2330.39990234375,2331.699951171875,2331.699951171875,265
2024-06-18 09:07:00-04:00,2331.89990234375,2332.5,2331.300048828125,2331.39990234375,2331.39990234375,285
2024-06-18 09:08:00-04:00,2331.5,2333.0,2331.5,2332.800048828125,2332.800048828125,229
2024-06-18 09:09:00-04:00,2332.89990234375,2333.60009765625,2332.89990234375,2333.199951171875,2333.199951171875,276
2024-06-18 09:10:00-04:00,2333.199951171875,2334.0,2332.800048828125,2333.199951171875,2333.199951171875,245
2024-06-18 09:11:00-04:00,2333.300048828125,2335.199951171875,2333.10009765625,2334.699951171875,2334.699951171875,439
2024-06-18 09:12:00-04:00,2334.60009765625,2334.60009765625,2333.89990234375,2334.39990234375,2334.39990234375,149
2024-06-18 09:13:00-04:00,2334.300048828125,2334.800048828125,2334.10009765625,2334.5,2334.5,158
2024-06-18 09:14:00-04:00,2334.5,2334.800048828125,2333.5,2333.699951171875,2333.699951171875,183
2024-06-18 09:15:00-04:00,2333.60009765625,2333.60009765625,2331.5,2332.0,2332.0,478
2024-06-18 09:16:00-04:00,2332.0,2333.39990234375,2331.699951171875,2332.0,2332.0,304
2024-06-18 09:17:00-04:00,2332.199951171875,2332.199951171875,2331.300048828125,2331.60009765625,2331.60009765625,252
2024-06-18 09:18:00-04:00,2331.60009765625,2331.89990234375,2330.699951171875,2331.39990234375,2331.39990234375,256
2024-06-18 09:19:00-04:00,2331.300048828125,2332.199951171875,2331.300048828125,2332.10009765625,2332.10009765625,296
2024-06-18 09:20:00-04:00,2332.5,2333.199951171875,2331.800048828125,2332.10009765625,2332.10009765625,191
2024-06-18 09:21:00-04:00,2332.300048828125,2332.300048828125,2331.39990234375,2332.199951171875,2332.199951171875,187
2024-06-18 09:22:00-04:00,2332.199951171875,2332.199951171875,2331.39990234375,2332.10009765625,2332.10009765625,91
2024-06-18 09:23:00-04:00,2331.800048828125,2332.199951171875,2331.699951171875,2332.10009765625,2332.10009765625,75
2024-06-18 09:24:00-04:00,2332.199951171875,2332.5,2331.89990234375,2332.0,2332.0,133
2024-06-18 09:25:00-04:00,2332.10009765625,2332.5,2331.800048828125,2331.89990234375,2331.89990234375,103
2024-06-18 09:26:00-04:00,2332.10009765625,2332.10009765625,2330.89990234375,2331.10009765625,2331.10009765625,163
2024-06-18 09:27:00-04:00,2331.10009765625,2331.699951171875,2330.699951171875,2331.300048828125,2331.300048828125,220
2024-06-18 09:28:00-04:00,2331.300048828125,2331.699951171875,2331.199951171875,2331.5,2331.5,111
2024-06-18 09:29:00-04:00,2331.39990234375,2332.0,2331.10009765625,2332.0,2332.0,330
2024-06-18 09:30:00-04:00,2332.10009765625,2334.699951171875,2332.0,2334.5,2334.5,633
2024-06-18 09:31:00-04:00,2334.60009765625,2335.39990234375,2334.300048828125,2335.199951171875,2335.199951171875,383
2024-06-18 09:32:00-04:00,2335.39990234375,2335.89990234375,2334.89990234375,2335.89990234375,2335.89990234375,493
2024-06-18 09:33:00-04:00,2335.800048828125,2336.5,2332.39990234375,2333.10009765625,2333.10009765625,1309
2024-06-18 09:34:00-04:00,2333.10009765625,2333.10009765625,2331.39990234375,2332.199951171875,2332.199951171875,1375
2024-06-18 09:35:00-04:00,2332.10009765625,2332.60009765625,2329.800048828125,2330.199951171875,2330.199951171875,2178
2024-06-18 09:36:00-04:00,2330.199951171875,2333.60009765625,2328.300048828125,2332.60009765625,2332.60009765625,2717
2024-06-18 09:37:00-04:00,2332.800048828125,2333.800048828125,2332.10009765625,2333.199951171875,2333.199951171875,1571
2024-06-18 09:38:00-04:00,2333.300048828125,2334.199951171875,2329.800048828125,2330.39990234375,2330.39990234375,2830
2024-06-18 09:39:00-04:00,2330.199951171875,2332.10009765625,2330.199951171875,2331.699951171875,2331.699951171875,427
2024-06-18 09:40:00-04:00,2331.800048828125,2332.800048828125,2331.5,2331.89990234375,2331.89990234375,473
2024-06-18 09:41:00-04:00,2332.10009765625,2333.60009765625,2332.0,2333.5,2333.5,244
2024-06-18 09:42:00-04:00,2333.60009765625,2335.5,2333.5,2334.60009765625,2334.60009765625,682
2024-06-18 09:43:00-04:00,2334.60009765625,2335.300048828125,2333.60009765625,2335.0,2335.0,737
2024-06-18 09:44:00-04:00,2335.10009765625,2336.10009765625,2335.10009765625,2335.800048828125,2335.800048828125,413
2024-06-18 09:45:00-04:00,2335.800048828125,2336.39990234375,2334.199951171875,2334.39990234375,2334.39990234375,666
2024-06-18 09:46:00-04:00,2334.39990234375,2335.300048828125,2334.199951171875,2334.300048828125,2334.300048828125,414
2024-06-18 09:47:00-04:00,2334.39990234375,2334.5,2333.10009765625,2333.699951171875,2333.699951171875,281
2024-06-18 09:48:00-04:00,2333.699951171875,2334.0,2333.0,2333.699951171875,2333.699951171875,175
2024-06-18 09:49:00-04:00,2333.699951171875,2336.199951171875,2333.699951171875,2336.0,2336.0,549
2024-06-18 09:50:00-04:00,2335.89990234375,2337.89990234375,2335.699951171875,2337.800048828125,2337.800048828125,676
2024-06-18 09:51:00-04:00,2337.89990234375,2338.5,2337.39990234375,2338.300048828125,2338.300048828125,400
2024-06-18 09:52:00-04:00,2338.39990234375,2339.89990234375,2338.0,2339.699951171875,2339.699951171875,525
2024-06-18 09:53:00-04:00,2339.699951171875,2340.89990234375,2339.10009765625,2339.199951171875,2339.199951171875,706
2024-06-18 09:54:00-04:00,2339.10009765625,2339.39990234375,2338.60009765625,2338.89990234375,2338.89990234375,310
2024-06-18 09:55:00-04:00,2339.0,2340.300048828125,2338.5,2340.10009765625,2340.10009765625,331
2024-06-18 09:56:00-04:00,2340.199951171875,2340.800048828125,2338.89990234375,2340.300048828125,2340.300048828125,453
2024-06-18 09:57:00-04:00,2340.300048828125,2341.800048828125,2340.199951171875,2340.800048828125,2340.800048828125,783
2024-06-18 09:58:00-04:00,2340.699951171875,2342.10009765625,2340.699951171875,2341.5,2341.5,621
2024-06-18 09:59:00-04:00,2341.39990234375,2342.39990234375,2341.39990234375,2341.39990234375,2341.39990234375,363
2024-06-18 10:00:00-04:00,2341.300048828125,2341.89990234375,2340.0,2340.60009765625,2340.60009765625,717
2024-06-18 10:01:00-04:00,2340.699951171875,2341.10009765625,2338.800048828125,2340.300048828125,2340.300048828125,507
2024-06-18 10:02:00-04:00,2340.39990234375,2340.89990234375,2339.699951171875,2340.199951171875,2340.199951171875,404
2024-06-18 10:03:00-04:00,2340.10009765625,2340.199951171875,2339.199951171875,2339.39990234375,2339.39990234375,360
2024-06-18 10:04:00-04:00,2339.5,2339.60009765625,2338.800048828125,2339.5,2339.5,232
2024-06-18 10:05:00-04:00,2339.5,2339.699951171875,2338.699951171875,2339.199951171875,2339.199951171875,299
2024-06-18 10:06:00-04:00,2339.199951171875,2340.5,2339.199951171875,2339.89990234375,2339.89990234375,572
2024-06-18 10:07:00-04:00,2340.0,2340.60009765625,2339.199951171875,2340.60009765625,2340.60009765625,191
2024-06-18 10:08:00-04:00,2340.39990234375,2341.199951171875,2339.800048828125,2339.89990234375,2339.89990234375,308
2024-06-18 10:09:00-04:00,2339.800048828125,2340.0,2339.199951171875,2339.5,2339.5,149
2024-06-18 10:10:00-04:00,2339.5,2339.5,2338.300048828125,2338.39990234375,2338.39990234375,245
2024-06-18 10:11:00-04:00,2338.5,2339.10009765625,2337.800048828125,2338.5,2338.5,346
2024-06-18 10:12:00-04:00,2338.5,2339.60009765625,2338.10009765625,2338.39990234375,2338.39990234375,429
2024-06-18 10:13:00-04:00,2338.300048828125,2338.5,2337.699951171875,2338.10009765625,2338.10009765625,220
2024-06-18 10:14:00-04:00,2338.10009765625,2338.800048828125,2338.0,2338.5,2338.5,120
2024-06-18 10:15:00-04:00,2338.60009765625,2339.89990234375,2338.199951171875,2339.89990234375,2339.89990234375,121
2024-06-18 10:16:00-04:00,2339.89990234375,2340.199951171875,2339.39990234375,2339.60009765625,2339.60009765625,147
2024-06-18 10:17:00-04:00,2339.60009765625,2339.699951171875,2339.199951171875,2339.699951171875,2339.699951171875,51
2024-06-18 10:18:00-04:00,2339.800048828125,2339.89990234375,2339.0,2339.5,2339.5,129
2024-06-18 10:19:00-04:00,2339.300048828125,2339.800048828125,2339.10009765625,2339.699951171875,2339.699951171875,103
2024-06-18 10:20:00-04:00,2339.800048828125,2339.800048828125,2339.10009765625,2339.199951171875,2339.199951171875,76
2024-06-18 10:21:00-04:00,2339.199951171875,2339.300048828125,2338.199951171875,2338.60009765625,2338.60009765625,137
2024-06-18 10:22:00-04:00,2338.60009765625,2339.199951171875,2338.60009765625,2338.89990234375,2338.89990234375,125
2024-06-18 10:23:00-04:00,2339.0,2340.10009765625,2338.699951171875,2339.89990234375,2339.89990234375,169
2024-06-18 10:24:00-04:00,2339.800048828125,2340.0,2338.800048828125,2338.89990234375,2338.89990234375,121
2024-06-18 10:25:00-04:00,2339.0,2339.60009765625,2338.800048828125,2339.10009765625,2339.10009765625,101
2024-06-18 10:26:00-04:00,2339.199951171875,2340.10009765625,2339.10009765625,2339.699951171875,2339.699951171875,188
2024-06-18 10:28:00-04:00,2339.60009765625,2340.300048828125,2339.60009765625,2340.0,2340.0,224
2024-06-18 10:29:00-04:00,2340.0,2340.699951171875,2339.699951171875,2340.5,2340.5,149
2024-06-18 10:41:00-04:00,2338.89990234375,2338.89990234375,2338.300048828125,2338.300048828125,2338.300048828125,2177
2024-06-18 10:42:00-04:00,2338.5,2338.5,2337.800048828125,2338.0,2338.0,172
2024-06-18 10:43:00-04:00,2338.0,2338.60009765625,2338.0,2338.0,2338.0,126
2024-06-18 10:44:00-04:00,2338.0,2338.300048828125,2337.699951171875,2338.10009765625,2338.10009765625,102
2024-06-18 10:45:00-04:00,2338.10009765625,2338.300048828125,2337.300048828125,2337.800048828125,2337.800048828125,136
2024-06-18 10:46:00-04:00,2338.0,2338.0,2337.199951171875,2337.699951171875,2337.699951171875,222
2024-06-18 10:47:00-04:00,2337.89990234375,2338.0,2337.300048828125,2337.5,2337.5,79
2024-06-18 10:48:00-04:00,2337.39990234375,2337.39990234375,2336.800048828125,2337.10009765625,2337.10009765625,227
2024-06-18 10:49:00-04:00,2337.10009765625,2338.89990234375,2336.89990234375,2338.800048828125,2338.800048828125,382
2024-06-18 10:50:00-04:00,2338.800048828125,2339.800048828125,2338.699951171875,2339.10009765625,2339.10009765625,221
2024-06-18 10:51:00-04:00,2339.10009765625,2340.0,2339.0,2339.800048828125,2339.800048828125,138
2024-06-18 10:52:00-04:00,2339.89990234375,2340.300048828125,2339.39990234375,2340.300048828125,2340.300048828125,113
2024-06-18 10:53:00-04:00,2340.300048828125,2340.39990234375,2339.39990234375,2339.5,2339.5,87
2024-06-18 10:54:00-04:00,2339.699951171875,2339.800048828125,2338.5,2338.89990234375,2338.89990234375,132
2024-06-18 10:55:00-04:00,2338.800048828125,2339.199951171875,2338.5,2338.800048828125,2338.800048828125,102
2024-06-18 10:56:00-04:00,2338.800048828125,2339.0,2338.300048828125,2338.5,2338.5,82
2024-06-18 10:57:00-04:00,2338.60009765625,2338.60009765625,2337.60009765625,2337.699951171875,2337.699951171875,139
2024-06-18 10:58:00-04:00,2337.800048828125,2338.39990234375,2337.800048828125,2338.10009765625,2338.10009765625,63
2024-06-18 10:59:00-04:00,2338.10009765625,2338.300048828125,2337.800048828125,2338.300048828125,2338.300048828125,38
2024-06-18 11:00:00-04:00,2338.39990234375,2338.39990234375,2337.699951171875,2338.300048828125,2338.300048828125,73
2024-06-18 11:01:00-04:00,2338.39990234375,2338.60009765625,2338.0,2338.39990234375,2338.39990234375,89
2024-06-18 11:02:00-04:00,2338.199951171875,2338.300048828125,2337.800048828125,2337.89990234375,2337.89990234375,80
2024-06-18 11:03:00-04:00,2337.89990234375,2338.199951171875,2337.39990234375,2337.5,2337.5,102
2024-06-18 11:04:00-04:00,2337.60009765625,2337.60009765625,2336.10009765625,2336.10009765625,2336.10009765625,326
2024-06-18 11:05:00-04:00,2336.10009765625,2336.10009765625,2333.800048828125,2334.0,2334.0,721
2024-06-18 11:06:00-04:00,2333.89990234375,2334.199951171875,2333.300048828125,2334.0,2334.0,404
2024-06-18 11:07:00-04:00,2333.800048828125,2334.800048828125,2333.800048828125,2334.39990234375,2334.39990234375,195
2024-06-18 11:08:00-04:00,2334.300048828125,2335.39990234375,2334.199951171875,2335.300048828125,2335.300048828125,203
2024-06-18 11:09:00-04:00,2335.300048828125,2335.800048828125,2334.89990234375,2335.199951171875,2335.199951171875,178
2024-06-18 11:10:00-04:00,2335.10009765625,2335.39990234375,2334.800048828125,2335.39990234375,2335.39990234375,135
2024-06-18 11:11:00-04:00,2335.39990234375,2336.199951171875,2335.10009765625,2336.0,2336.0,129
2024-06-18 11:12:00-04:00,2336.199951171875,2337.199951171875,2336.0,2336.60009765625,2336.60009765625,272
2024-06-18 11:13:00-04:00,2336.60009765625,2337.300048828125,2336.300048828125,2337.10009765625,2337.10009765625,121
2024-06-18 11:14:00-04:00,2337.199951171875,2338.10009765625,2337.199951171875,2338.0,2338.0,174
2024-06-18 11:15:00-04:00,2338.0,2339.300048828125,2337.89990234375,2338.800048828125,2338.800048828125,326
2024-06-18 11:16:00-04:00,2339.10009765625,2339.10009765625,2337.699951171875,2338.39990234375,2338.39990234375,565
2024-06-18 11:17:00-04:00,2338.5,2339.800048828125,2338.199951171875,2339.39990234375,2339.39990234375,336
2024-06-18 11:18:00-04:00,2339.5,2340.60009765625,2339.39990234375,2339.89990234375,2339.89990234375,312
2024-06-18 11:19:00-04:00,2340.0,2341.699951171875,2340.0,2341.199951171875,2341.199951171875,462
2024-06-18 11:20:00-04:00,2341.10009765625,2341.39990234375,2340.699951171875,2341.199951171875,2341.199951171875,236
2024-06-18 11:21:00-04:00,2341.300048828125,2342.0,2341.0,2341.5,2341.5,576
2024-06-18 11:22:00-04:00,2341.300048828125,2341.300048828125,2339.39990234375,2340.0,2340.0,441
2024-06-18 11:23:00-04:00,2340.0,2340.199951171875,2339.300048828125,2339.300048828125,2339.300048828125,155
2024-06-18 11:24:00-04:00,2339.39990234375,2339.5,2338.89990234375,2338.89990234375,2338.89990234375,173
2024-06-18 11:25:00-04:00,2338.800048828125,2339.60009765625,2338.60009765625,2339.300048828125,2339.300048828125,243
2024-06-18 11:26:00-04:00,2339.39990234375,2339.89990234375,2339.199951171875,2339.60009765625,2339.60009765625,86
2024-06-18 11:27:00-04:00,2339.5,2339.699951171875,2339.0,2339.10009765625,2339.10009765625,86
2024-06-18 11:28:00-04:00,2339.10009765625,2339.89990234375,2339.0,2339.89990234375,2339.89990234375,56
2024-06-18 11:29:00-04:00,2339.89990234375,2340.699951171875,2339.699951171875,2340.10009765625,2340.10009765625,184
2024-06-18 11:30:00-04:00,2340.300048828125,2340.5,2339.199951171875,2339.300048828125,2339.300048828125,143
2024-06-18 11:31:00-04:00,2339.199951171875,2339.5,2338.60009765625,2339.199951171875,2339.199951171875,90
2024-06-18 11:32:00-04:00,2339.5,2339.89990234375,2338.89990234375,2339.0,2339.0,61
2024-06-18 11:33:00-04:00,2339.0,2339.699951171875,2338.89990234375,2339.699951171875,2339.699951171875,70
2024-06-18 11:34:00-04:00,2339.800048828125,2340.199951171875,2339.5,2339.5,2339.5,112
2024-06-18 11:35:00-04:00,2339.5,2340.10009765625,2339.39990234375,2339.89990234375,2339.89990234375,81
2024-06-18 11:36:00-04:00,2340.10009765625,2341.300048828125,2340.10009765625,2340.60009765625,2340.60009765625,147
2024-06-18 11:37:00-04:00,2340.89990234375,2341.10009765625,2340.300048828125,2340.5,2340.5,126
2024-06-18 11:38:00-04:00,2340.60009765625,2341.89990234375,2340.60009765625,2341.60009765625,2341.60009765625,180
2024-06-18 11:39:00-04:00,2341.5,2341.89990234375,2341.300048828125,2341.39990234375,2341.39990234375,156
2024-06-18 11:40:00-04:00,2341.300048828125,2341.89990234375,2341.300048828125,2341.699951171875,2341.699951171875,107
2024-06-18 11:41:00-04:00,2341.800048828125,2344.39990234375,2341.60009765625,2343.10009765625,2343.10009765625,1010
2024-06-18 11:42:00-04:00,2343.300048828125,2343.89990234375,2342.300048828125,2343.300048828125,2343.300048828125,495
2024-06-18 11:43:00-04:00,2343.5,2344.10009765625,2342.800048828125,2344.0,2344.0,465
2024-06-18 11:44:00-04:00,2344.10009765625,2344.800048828125,2343.60009765625,2343.699951171875,2343.699951171875,687
2024-06-18 11:45:00-04:00,2343.699951171875,2344.0,2343.0,2343.199951171875,2343.199951171875,216
2024-06-18 11:46:00-04:00,2343.199951171875,2343.800048828125,2342.89990234375,2343.699951171875,2343.699951171875,187
2024-06-18 11:47:00-04:00,2343.60009765625,2343.699951171875,2343.0,2343.10009765625,2343.10009765625,200
2024-06-18 11:48:00-04:00,2343.10009765625,2343.199951171875,2342.10009765625,2342.39990234375,2342.39990234375,493
2024-06-18 11:49:00-04:00,2342.5,2343.0,2342.300048828125,2342.699951171875,2342.699951171875,139
2024-06-18 11:50:00-04:00,2342.699951171875,2342.89990234375,2341.5,2341.60009765625,2341.60009765625,220
2024-06-18 11:51:00-04:00,2341.5,2341.699951171875,2341.199951171875,2341.699951171875,2341.699951171875,146
2024-06-18 11:52:00-04:00,2341.800048828125,2342.0,2341.5,2341.800048828125,2341.800048828125,85
2024-06-18 11:53:00-04:00,2341.60009765625,2342.699951171875,2341.39990234375,2342.60009765625,2342.60009765625,164
2024-06-18 11:54:00-04:00,2342.60009765625,2342.699951171875,2342.300048828125,2342.5,2342.5,65
2024-06-18 11:55:00-04:00,2342.60009765625,2343.0,2342.39990234375,2342.699951171875,2342.699951171875,112
2024-06-18 11:56:00-04:00,2342.60009765625,2342.60009765625,2341.800048828125,2342.0,2342.0,150
2024-06-18 11:57:00-04:00,2342.0,2342.5,2341.800048828125,2342.5,2342.5,109
2024-06-18 11:58:00-04:00,2342.39990234375,2342.60009765625,2342.300048828125,2342.39990234375,2342.39990234375,66
2024-06-18 11:59:00-04:00,2342.39990234375,2342.39990234375,2341.699951171875,2341.699951171875,2341.699951171875,75
2024-06-18 12:00:00-04:00,2341.89990234375,2343.199951171875,2341.89990234375,2343.0,2343.0,120
2024-06-18 12:01:00-04:00,2343.10009765625,2343.199951171875,2342.60009765625,2342.699951171875,2342.699951171875,98
2024-06-18 12:02:00-04:00,2342.800048828125,2343.10009765625,2342.699951171875,2343.10009765625,2343.10009765625,96
2024-06-18 12:03:00-04:00,2343.199951171875,2344.0,2342.89990234375,2344.0,2344.0,198
2024-06-18 12:04:00-04:00,2344.0,2344.300048828125,2343.89990234375,2344.0,2344.0,131
2024-06-18 12:05:00-04:00,2344.0,2344.199951171875,2343.199951171875,2343.39990234375,2343.39990234375,174
2024-06-18 12:06:00-04:00,2343.199951171875,2343.699951171875,2343.10009765625,2343.199951171875,2343.199951171875,88
2024-06-18 12:07:00-04:00,2343.300048828125,2343.300048828125,2343.0,2343.0,2343.0,66
2024-06-18 12:08:00-04:00,2343.0,2343.39990234375,2342.89990234375,2343.199951171875,2343.199951171875,37
2024-06-18 12:09:00-04:00,2343.10009765625,2343.699951171875,2343.10009765625,2343.60009765625,2343.60009765625,54
2024-06-18 12:10:00-04:00,2343.699951171875,2344.39990234375,2343.699951171875,2344.300048828125,2344.300048828125,132
2024-06-18 12:11:00-04:00,2344.300048828125,2344.300048828125,2343.89990234375,2344.10009765625,2344.10009765625,101
2024-06-18 12:12:00-04:00,2344.10009765625,2344.5,2343.800048828125,2343.800048828125,2343.800048828125,212
2024-06-18 12:13:00-04:00,2343.89990234375,2344.39990234375,2343.199951171875,2343.300048828125,2343.300048828125,290
2024-06-18 12:14:00-04:00,2343.300048828125,2343.300048828125,2342.5,2343.0,2343.0,116
2024-06-18 12:15:00-04:00,2342.89990234375,2343.0,2342.5,2342.60009765625,2342.60009765625,75
2024-06-18 12:16:00-04:00,2342.60009765625,2343.199951171875,2342.300048828125,2343.10009765625,2343.10009765625,119
2024-06-18 12:17:00-04:00,2343.0,2343.199951171875,2342.800048828125,2343.0,2343.0,81
2024-06-18 12:18:00-04:00,2343.10009765625,2343.300048828125,2342.5,2342.5,2342.5,88
2024-06-18 12:19:00-04:00,2342.60009765625,2343.199951171875,2342.5,2343.0,2343.0,71
2024-06-18 12:20:00-04:00,2342.800048828125,2342.800048828125,2342.0,2342.10009765625,2342.10009765625,128
2024-06-18 12:21:00-04:00,2342.199951171875,2342.199951171875,2341.800048828125,2341.800048828125,2341.800048828125,110
2024-06-18 12:22:00-04:00,2341.800048828125,2342.60009765625,2341.800048828125,2342.39990234375,2342.39990234375,132
2024-06-18 12:23:00-04:00,2342.60009765625,2343.0,2342.5,2342.800048828125,2342.800048828125,45
2024-06-18 12:24:00-04:00,2343.0,2344.300048828125,2342.89990234375,2344.10009765625,2344.10009765625,249
2024-06-18 12:25:00-04:00,2344.10009765625,2344.39990234375,2344.0,2344.10009765625,2344.10009765625,121
2024-06-18 12:26:00-04:00,2344.10009765625,2344.199951171875,2343.300048828125,2343.39990234375,2343.39990234375,58
2024-06-18 12:27:00-04:00,2343.5,2344.199951171875,2343.5,2344.0,2344.0,87
2024-06-18 12:28:00-04:00,2344.0,2344.699951171875,2344.0,2344.5,2344.5,164
2024-06-18 12:29:00-04:00,2344.60009765625,2344.60009765625,2343.60009765625,2343.60009765625,2343.60009765625,85
2024-06-18 12:30:00-04:00,2343.699951171875,2344.0,2343.300048828125,2343.60009765625,2343.60009765625,44
2024-06-18 12:31:00-04:00,2343.60009765625,2343.60009765625,2343.5,2343.60009765625,2343.60009765625,46
2024-06-18 12:32:00-04:00,2343.699951171875,2343.89990234375,2343.5,2343.89990234375,2343.89990234375,44
2024-06-18 12:33:00-04:00,2343.699951171875,2344.10009765625,2343.699951171875,2344.0,2344.0,48
2024-06-18 12:34:00-04:00,2343.89990234375,2344.300048828125,2343.60009765625,2343.699951171875,2343.699951171875,55
2024-06-18 12:35:00-04:00,2343.60009765625,2343.60009765625,2343.10009765625,2343.39990234375,2343.39990234375,61
2024-06-18 12:36:00-04:00,2343.5,2343.800048828125,2343.5,2343.699951171875,2343.699951171875,15
2024-06-18 12:37:00-04:00,2343.800048828125,2343.89990234375,2343.199951171875,2343.89990234375,2343.89990234375,40
2024-06-18 12:38:00-04:00,2343.89990234375,2344.39990234375,2343.89990234375,2344.10009765625,2344.10009765625,49
2024-06-18 12:39:00-04:00,2344.199951171875,2344.60009765625,2344.0,2344.199951171875,2344.199951171875,94
2024-06-18 12:40:00-04:00,2344.300048828125,2344.300048828125,2343.60009765625,2344.0,2344.0,39
2024-06-18 12:41:00-04:00,2344.0,2344.199951171875,2343.5,2343.699951171875,2343.699951171875,52
2024-06-18 12:42:00-04:00,2343.60009765625,2343.60009765625,2342.800048828125,2343.39990234375,2343.39990234375,94
2024-06-18 12:43:00-04:00,2343.300048828125,2343.39990234375,2343.10009765625,2343.199951171875,2343.199951171875,33
2024-06-18 12:44:00-04:00,2343.300048828125,2343.39990234375,2342.800048828125,2342.800048828125,2342.800048828125,65
2024-06-18 12:45:00-04:00,2342.800048828125,2343.10009765625,2341.89990234375,2342.199951171875,2342.199951171875,308
2024-06-18 12:46:00-04:00,2342.199951171875,2342.39990234375,2342.0,2342.10009765625,2342.10009765625,71
2024-06-18 12:47:00-04:00,2342.199951171875,2342.199951171875,2341.5,2341.60009765625,2341.60009765625,100
2024-06-18 12:48:00-04:00,2341.699951171875,2342.0,2341.199951171875,2341.89990234375,2341.89990234375,98
2024-06-18 12:49:00-04:00,2342.0,2343.10009765625,2342.0,2342.89990234375,2342.89990234375,64
2024-06-18 12:50:00-04:00,2342.89990234375,2343.60009765625,2342.89990234375,2343.60009765625,2343.60009765625,43
2024-06-18 12:51:00-04:00,2343.60009765625,2344.5,2343.39990234375,2343.699951171875,2343.699951171875,115
2024-06-18 12:52:00-04:00,2343.699951171875,2344.300048828125,2343.699951171875,2344.199951171875,2344.199951171875,39
2024-06-18 12:53:00-04:00,2344.300048828125,2344.5,2344.199951171875,2344.5,2344.5,37
2024-06-18 12:54:00-04:00,2344.5,2344.800048828125,2344.199951171875,2344.39990234375,2344.39990234375,73
2024-06-18 12:55:00-04:00,2344.39990234375,2344.5,2344.199951171875,2344.5,2344.5,56
2024-06-18 12:56:00-04:00,2344.5,2345.699951171875,2344.5,2344.89990234375,2344.89990234375,453
2024-06-18 12:57:00-04:00,2344.89990234375,2345.60009765625,2344.699951171875,2345.39990234375,2345.39990234375,155
2024-06-18 12:58:00-04:00,2345.5,2345.5,2344.800048828125,2345.300048828125,2345.300048828125,138
2024-06-18 12:59:00-04:00,2345.300048828125,2345.60009765625,2345.10009765625,2345.300048828125,2345.300048828125,126
2024-06-18 13:00:00-04:00,2345.300048828125,2345.800048828125,2345.10009765625,2345.39990234375,2345.39990234375,178
2024-06-18 13:01:00-04:00,2345.39990234375,2345.5,2344.60009765625,2345.10009765625,2345.10009765625,86
2024-06-18 13:02:00-04:00,2345.10009765625,2346.39990234375,2345.10009765625,2345.300048828125,2345.300048828125,699
2024-06-18 13:03:00-04:00,2345.39990234375,2345.39990234375,2344.10009765625,2344.300048828125,2344.300048828125,311
2024-06-18 13:04:00-04:00,2344.39990234375,2344.800048828125,2344.10009765625,2344.10009765625,2344.10009765625,139
2024-06-18 13:05:00-04:00,2344.10009765625,2344.699951171875,2344.10009765625,2344.5,2344.5,91
2024-06-18 13:06:00-04:00,2344.5,2344.60009765625,2344.0,2344.300048828125,2344.300048828125,71
2024-06-18 13:07:00-04:00,2344.39990234375,2344.89990234375,2344.199951171875,2344.800048828125,2344.800048828125,45
2024-06-18 13:08:00-04:00,2344.699951171875,2345.10009765625,2344.699951171875,2345.10009765625,2345.10009765625,55
2024-06-18 13:09:00-04:00,2345.0,2345.0,2344.60009765625,2344.699951171875,2344.699951171875,35
2024-06-18 13:10:00-04:00,2344.699951171875,2345.0,2344.5,2344.89990234375,2344.89990234375,51
2024-06-18 13:11:00-04:00,2344.800048828125,2344.800048828125,2343.60009765625,2343.800048828125,2343.800048828125,120
2024-06-18 13:12:00-04:00,2343.800048828125,2344.0,2343.60009765625,2343.699951171875,2343.699951171875,44
2024-06-18 13:13:00-04:00,2343.60009765625,2344.0,2343.39990234375,2344.0,2344.0,58
2024-06-18 13:14:00-04:00,2343.89990234375,2343.89990234375,2343.300048828125,2343.89990234375,2343.89990234375,199
2024-06-18 13:15:00-04:00,2343.800048828125,2343.800048828125,2343.199951171875,2343.300048828125,2343.300048828125,99
2024-06-18 13:16:00-04:00,2343.5,2343.699951171875,2343.300048828125,2343.699951171875,2343.699951171875,82
2024-06-18 13:17:00-04:00,2343.699951171875,2344.10009765625,2343.39990234375,2343.60009765625,2343.60009765625,103
2024-06-18 13:18:00-04:00,2343.60009765625,2344.0,2343.60009765625,2343.89990234375,2343.89990234375,38
2024-06-18 13:19:00-04:00,2343.89990234375,2344.10009765625,2343.699951171875,2344.0,2344.0,77
2024-06-18 13:20:00-04:00,2344.199951171875,2344.300048828125,2343.10009765625,2343.699951171875,2343.699951171875,598
2024-06-18 13:21:00-04:00,2343.5,2344.0,2343.5,2344.0,2344.0,62
2024-06-18 13:22:00-04:00,2344.0,2344.300048828125,2344.0,2344.199951171875,2344.199951171875,45
2024-06-18 13:23:00-04:00,2344.300048828125,2344.800048828125,2344.10009765625,2344.5,2344.5,171
2024-06-18 13:24:00-04:00,2344.60009765625,2345.39990234375,2344.5,2345.300048828125,2345.300048828125,448
2024-06-18 13:25:00-04:00,2345.300048828125,2345.89990234375,2344.800048828125,2345.60009765625,2345.60009765625,251
2024-06-18 13:26:00-04:00,2345.699951171875,2346.300048828125,2345.5,2346.199951171875,2346.199951171875,175
2024-06-18 13:27:00-04:00,2346.300048828125,2347.199951171875,2346.199951171875,2347.199951171875,2347.199951171875,451
2024-06-18 13:28:00-04:00,2347.10009765625,2347.5,2346.89990234375,2347.10009765625,2347.10009765625,313
2024-06-18 13:29:00-04:00,2347.0,2347.5,2346.39990234375,2346.60009765625,2346.60009765625,1581
2024-06-18 13:30:00-04:00,2346.5,2347.300048828125,2346.39990234375,2346.800048828125,2346.800048828125,218
2024-06-18 13:31:00-04:00,2346.89990234375,2347.10009765625,2346.5,2347.0,2347.0,151
2024-06-18 13:32:00-04:00,2347.0,2347.300048828125,2346.60009765625,2346.800048828125,2346.800048828125,188
2024-06-18 13:33:00-04:00,2346.699951171875,2346.699951171875,2346.300048828125,2346.5,2346.5,61
2024-06-18 13:34:00-04:00,2346.39990234375,2346.800048828125,2346.39990234375,2346.800048828125,2346.800048828125,83
2024-06-18 13:35:00-04:00,2346.89990234375,2347.10009765625,2346.800048828125,2347.10009765625,2347.10009765625,147
2024-06-18 13:36:00-04:00,2347.300048828125,2348.0,2347.300048828125,2348.0,2348.0,195
2024-06-18 13:37:00-04:00,2348.0,2348.199951171875,2347.199951171875,2347.199951171875,2347.199951171875,208
2024-06-18 13:38:00-04:00,2347.10009765625,2347.199951171875,2346.39990234375,2346.5,2346.5,150
2024-06-18 13:39:00-04:00,2346.5,2346.699951171875,2346.300048828125,2346.39990234375,2346.39990234375,55
2024-06-18 13:40:00-04:00,2346.300048828125,2346.5,2346.199951171875,2346.300048828125,2346.300048828125,38
2024-06-18 13:41:00-04:00,2346.39990234375,2346.5,2345.89990234375,2346.5,2346.5,83
2024-06-18 13:42:00-04:00,2346.39990234375,2346.39990234375,2345.60009765625,2345.699951171875,2345.699951171875,56
2024-06-18 13:43:00-04:00,2345.60009765625,2345.699951171875,2345.300048828125,2345.60009765625,2345.60009765625,87
2024-06-18 13:44:00-04:00,2345.5,2345.5,2345.0,2345.199951171875,2345.199951171875,111
2024-06-18 13:45:00-04:00,2345.199951171875,2345.39990234375,2344.60009765625,2344.60009765625,2344.60009765625,79
2024-06-18 13:46:00-04:00,2344.800048828125,2345.0,2344.300048828125,2344.800048828125,2344.800048828125,179
2024-06-18 13:47:00-04:00,2344.800048828125,2344.800048828125,2344.60009765625,2344.699951171875,2344.699951171875,38
2024-06-18 13:48:00-04:00,2344.60009765625,2345.0,2344.199951171875,2344.39990234375,2344.39990234375,143
2024-06-18 13:49:00-04:00,2344.5,2344.5,2344.0,2344.39990234375,2344.39990234375,55
2024-06-18 13:50:00-04:00,2344.5,2344.60009765625,2343.5,2343.5,2343.5,109
2024-06-18 13:51:00-04:00,2343.5,2343.800048828125,2343.199951171875,2343.60009765625,2343.60009765625,133
2024-06-18 13:52:00-04:00,2343.60009765625,2344.0,2343.39990234375,2343.89990234375,2343.89990234375,139
2024-06-18 13:53:00-04:00,2343.89990234375,2344.39990234375,2343.800048828125,2344.39990234375,2344.39990234375,78
2024-06-18 13:54:00-04:00,2344.39990234375,2344.699951171875,2344.10009765625,2344.39990234375,2344.39990234375,219
2024-06-18 13:55:00-04:00,2344.300048828125,2344.39990234375,2343.89990234375,2343.89990234375,2343.89990234375,32
2024-06-18 13:56:00-04:00,2343.89990234375,2344.10009765625,2343.800048828125,2344.10009765625,2344.10009765625,39
2024-06-18 13:57:00-04:00,2344.10009765625,2344.10009765625,2343.800048828125,2343.89990234375,2343.89990234375,32
2024-06-18 13:58:00-04:00,2344.199951171875,2344.199951171875,2344.10009765625,2344.199951171875,2344.199951171875,14
2024-06-18 13:59:00-04:00,2344.199951171875,2344.699951171875,2344.0,2344.60009765625,2344.60009765625,154
2024-06-18 14:00:00-04:00,2344.60009765625,2344.60009765625,2344.0,2344.300048828125,2344.300048828125,87
2024-06-18 14:01:00-04:00,2344.39990234375,2344.800048828125,2344.39990234375,2344.39990234375,2344.39990234375,66
2024-06-18 14:02:00-04:00,2344.60009765625,2344.699951171875,2343.300048828125,2343.39990234375,2343.39990234375,212
2024-06-18 14:03:00-04:00,2343.5,2343.699951171875,2343.300048828125,2343.5,2343.5,79
2024-06-18 14:04:00-04:00,2343.39990234375,2343.60009765625,2343.0,2343.5,2343.5,99
2024-06-18 14:05:00-04:00,2343.39990234375,2344.10009765625,2343.300048828125,2343.89990234375,2343.89990234375,54
2024-06-18 14:06:00-04:00,2344.0,2344.199951171875,2344.0,2344.10009765625,2344.10009765625,30
2024-06-18 14:07:00-04:00,2344.0,2344.199951171875,2343.5,2343.699951171875,2343.699951171875,93
2024-06-18 14:08:00-04:00,2343.699951171875,2344.199951171875,2343.60009765625,2343.89990234375,2343.89990234375,247
2024-06-18 14:09:00-04:00,2343.800048828125,2343.89990234375,2343.699951171875,2343.800048828125,2343.800048828125,43
2024-06-18 14:10:00-04:00,2343.800048828125,2343.800048828125,2342.89990234375,2343.199951171875,2343.199951171875,306
2024-06-18 14:11:00-04:00,2343.10009765625,2343.10009765625,2342.199951171875,2342.300048828125,2342.300048828125,186
2024-06-18 14:12:00-04:00,2342.5,2342.89990234375,2342.5,2342.699951171875,2342.699951171875,85
2024-06-18 14:13:00-04:00,2342.800048828125,2342.800048828125,2342.60009765625,2342.699951171875,2342.699951171875,40
2024-06-18 14:14:00-04:00,2342.699951171875,2343.300048828125,2342.699951171875,2343.10009765625,2343.10009765625,187
2024-06-18 14:15:00-04:00,2343.10009765625,2343.199951171875,2342.300048828125,2342.60009765625,2342.60009765625,140
2024-06-18 14:16:00-04:00,2342.60009765625,2343.0,2342.60009765625,2343.0,2343.0,57
2024-06-18 14:17:00-04:00,2342.89990234375,2343.0,2342.5,2342.89990234375,2342.89990234375,95
2024-06-18 14:18:00-04:00,2342.800048828125,2343.0,2342.800048828125,2343.0,2343.0,21
2024-06-18 14:19:00-04:00,2343.10009765625,2343.300048828125,2342.89990234375,2343.300048828125,2343.300048828125,62
2024-06-18 14:20:00-04:00,2343.10009765625,2344.199951171875,2343.10009765625,2344.10009765625,2344.10009765625,117
2024-06-18 14:21:00-04:00,2344.199951171875,2344.39990234375,2344.0,2344.0,2344.0,106
2024-06-18 14:22:00-04:00,2344.10009765625,2344.60009765625,2344.10009765625,2344.39990234375,2344.39990234375,176
2024-06-18 14:23:00-04:00,2344.39990234375,2344.699951171875,2344.39990234375,2344.39990234375,2344.39990234375,76
2024-06-18 14:24:00-04:00,2344.5,2344.699951171875,2344.5,2344.699951171875,2344.699951171875,39
2024-06-18 14:25:00-04:00,2344.60009765625,2345.199951171875,2344.5,2344.89990234375,2344.89990234375,104
2024-06-18 14:26:00-04:00,2345.0,2345.10009765625,2344.699951171875,2344.800048828125,2344.800048828125,56
2024-06-18 14:27:00-04:00,2344.89990234375,2345.0,2344.5,2344.800048828125,2344.800048828125,38
2024-06-18 14:28:00-04:00,2345.0,2345.10009765625,2344.800048828125,2344.800048828125,2344.800048828125,60
2024-06-18 14:29:00-04:00,2344.699951171875,2345.199951171875,2344.60009765625,2344.89990234375,2344.89990234375,150
2024-06-18 14:30:00-04:00,2344.699951171875,2345.0,2344.60009765625,2344.699951171875,2344.699951171875,62
2024-06-18 14:31:00-04:00,2344.800048828125,2345.199951171875,2344.699951171875,2345.199951171875,2345.199951171875,127
2024-06-18 14:32:00-04:00,2345.199951171875,2345.39990234375,2344.699951171875,2344.89990234375,2344.89990234375,164
2024-06-18 14:33:00-04:00,2345.0,2345.89990234375,2344.89990234375,2345.699951171875,2345.699951171875,133
2024-06-18 14:34:00-04:00,2345.699951171875,2346.0,2345.5,2345.699951171875,2345.699951171875,133
2024-06-18 14:35:00-04:00,2345.699951171875,2345.699951171875,2345.10009765625,2345.10009765625,2345.10009765625,117
2024-06-18 14:36:00-04:00,2345.10009765625,2345.10009765625,2344.699951171875,2345.10009765625,2345.10009765625,117
2024-06-18 14:37:00-04:00,2345.0,2345.300048828125,2344.89990234375,2345.0,2345.0,92
2024-06-18 14:38:00-04:00,2345.0,2345.0,2344.5,2344.699951171875,2344.699951171875,39
2024-06-18 14:39:00-04:00,2344.699951171875,2345.0,2344.39990234375,2345.0,2345.0,95
2024-06-18 14:40:00-04:00,2344.800048828125,2345.0,2344.699951171875,2345.0,2345.0,39
2024-06-18 14:41:00-04:00,2345.10009765625,2345.39990234375,2345.10009765625,2345.39990234375,2345.39990234375,39
2024-06-18 14:42:00-04:00,2345.39990234375,2345.60009765625,2345.199951171875,2345.300048828125,2345.300048828125,52
2024-06-18 14:43:00-04:00,2345.300048828125,2345.39990234375,2345.199951171875,2345.199951171875,2345.199951171875,19
2024-06-18 14:44:00-04:00,2345.300048828125,2345.39990234375,2345.10009765625,2345.199951171875,2345.199951171875,33
2024-06-18 14:45:00-04:00,2345.199951171875,2345.199951171875,2345.0,2345.0,2345.0,16
2024-06-18 14:46:00-04:00,2345.10009765625,2345.39990234375,2345.0,2345.199951171875,2345.199951171875,60
2024-06-18 14:47:00-04:00,2345.300048828125,2345.60009765625,2345.199951171875,2345.5,2345.5,72
2024-06-18 14:48:00-04:00,2345.60009765625,2346.10009765625,2345.60009765625,2346.10009765625,2346.10009765625,148
2024-06-18 14:49:00-04:00,2346.10009765625,2346.39990234375,2346.0,2346.0,2346.0,66
2024-06-18 14:50:00-04:00,2346.0,2346.10009765625,2345.0,2345.199951171875,2345.199951171875,141
2024-06-18 14:51:00-04:00,2345.300048828125,2345.5,2345.199951171875,2345.39990234375,2345.39990234375,52
2024-06-18 14:52:00-04:00,2345.39990234375,2345.60009765625,2345.300048828125,2345.300048828125,2345.300048828125,42
2024-06-18 14:53:00-04:00,2345.300048828125,2345.300048828125,2345.0,2345.10009765625,2345.10009765625,38
2024-06-18 14:54:00-04:00,2345.199951171875,2345.39990234375,2345.10009765625,2345.199951171875,2345.199951171875,26
2024-06-18 14:55:00-04:00,2345.10009765625,2345.5,2345.10009765625,2345.39990234375,2345.39990234375,44
2024-06-18 14:56:00-04:00,2345.39990234375,2345.699951171875,2345.39990234375,2345.699951171875,2345.699951171875,47
2024-06-18 14:57:00-04:00,2345.699951171875,2346.300048828125,2345.60009765625,2346.199951171875,2346.199951171875,131
2024-06-18 14:58:00-04:00,2346.300048828125,2346.300048828125,2345.60009765625,2346.0,2346.0,0
